ht_in,male,wages,,
67,0,43500,,
67,1,55000,,
,0,26000,,
62,0,65000,,
66,1,48000,,
64,0,21000,,
68,1,,,
68,0,15000,,
71,1,27000,,
,1,45000,,
64,0,,,
79,1,59000,,
64,1,20000,,
,1,,,
59,0,20000,,
74,1,,,
,0,,,
67,1,,,
66,1,,,
,1,,,
71,1,,,
,1,,,
59,0,55000,,
,1,5400,,
64,0,,,
66,1,,,
66,1,3500,,
69,0,32000,,
,0,,,
,1,,,
68,1,77000,,
68,0,121993,,
64,0,15000,,
67,0,,,
67,1,42500,,
65,0,,,
67,0,40000,,
67,0,50000,,
70,1,,,
,0,,,
62,0,,,
70,1,20000,,
62,0,28000,,
69,1,,,
61,0,,,
,1,,,
,0,21000,,
67,0,28000,,
65,0,28600,,
64,0,28000,,
65,1,28000,,
69,1,27000,,
63,0,,,
64,0,8000,,
64,0,31000,,
66,0,75000,,
66,1,,,
67,1,53000,,
69,0,43000,,
69,1,7000,,
62,0,33000,,
75,1,35000,,
64,0,,,
69,1,32000,,
,1,,,
68,1,3000,,
,1,25000,,
71,1,,,
66,0,53000,,
,1,,,
69,1,33000,,
,0,,,
,1,,,
70,1,,,
67,1,30000,,
67,1,65000,,
,0,,,
63,0,,,
68,1,,,
71,1,,,
69,0,,,
73,1,23000,,
69,1,,,
63,0,,,
68,1,22000,,
63,0,35000,,
,1,20000,,
,1,,,
71,1,60000,,
68,1,25000,,
68,0,32000,,
62,1,,,
65,1,25000,,
64,0,45000,,
,1,,,
,1,,,
,1,56000,,
71,1,60000,,
,1,,,
65,0,0,,
67,0,,,
,0,,,
,0,,,
65,0,70000,,
66,1,42000,,
,1,,,
63,0,60000,,
73,1,35000,,
64,0,46000,,
69,0,45000,,
66,0,,,
,0,,,
74,1,,,
68,0,35000,,
,0,,,
68,1,15000,,
70,1,14000,,
,1,,,
73,1,40000,,
,1,,,
,1,,,
75,1,25000,,
,1,,,
,1,,,
,0,,,
68,1,60000,,
63,0,45000,,
63,0,60000,,
,0,,,
,0,,,
,1,,,
70,1,52000,,
69,1,67500,,
,1,,,
73,1,48000,,
,0,,,
66,0,20000,,
80,1,10000,,
,0,,,
,1,,,
,0,,,
65,0,42000,,
68,1,45000,,
74,1,33000,,
71,1,42000,,
76,1,,,
58,0,,,
63,0,,,
,0,5800,,
,1,17000,,
67,0,37000,,
67,1,,,
66,0,,,
,1,,,
70,1,121993,,
70,1,30000,,
,0,23675,,
71,1,56000,,
66,0,32000,,
64,0,,,
,1,,,
66,0,45000,,
,1,,,
64,0,43500,,
71,1,121993,,
66,0,121993,,
70,1,,,
73,1,24000,,
67,0,10000,,
62,0,31000,,
64,0,22000,,
,1,,,
,0,,,
,1,,,
,0,,,
,1,59000,,
62,0,58340,,
62,0,42000,,
,0,,,
71,1,,,
65,0,48000,,
63,0,78000,,
66,0,31000,,
,1,,,
65,1,,,
,0,,,
73,1,36000,,
,0,,,
,0,,,
65,1,20000,,
68,1,20000,,
62,0,24000,,
65,0,15000,,
64,0,29500,,
,1,,,
,1,,,
,0,,,
63,0,15000,,
,1,,,
74,1,,,
64,0,35000,,
74,1,60000,,
66,0,50000,,
67,0,40000,,
,0,,,
67,1,36000,,
,0,,,
,0,,,
,1,,,
,1,,,
,0,,,
65,1,53000,,
61,0,38000,,
62,0,80000,,
65,1,,,
64,0,32000,,
,0,,,
,1,,,
69,1,24000,,
,1,,,
63,0,23000,,
66,1,40000,,
65,1,,,
64,0,30000,,
70,1,46000,,
64,0,,,
67,0,,,
,1,30000,,
66,0,,,
66,1,20000,,
67,1,,,
71,1,38000,,
69,1,,,
65,0,,,
64,0,60000,,
59,0,,,
68,1,25000,,
,0,,,
70,1,10000,,
,0,50000,,
61,0,,,
71,1,44000,,
63,0,,,
67,1,35000,,
69,0,,,
70,1,,,
70,1,46500,,
67,0,35000,,
,1,,,
,1,,,
67,1,50000,,
62,0,12000,,
,0,,,
71,1,65000,,
,0,,,
70,1,20000,,
71,1,25000,,
64,1,17000,,
,1,,,
,1,29000,,
68,1,,,
74,1,,,
69,1,,,
68,1,20000,,
67,1,36000,,
67,0,48500,,
65,0,40000,,
70,1,,,
,0,,,
66,0,,,
65,0,,,
61,0,,,
,0,,,
69,0,,,
64,1,,,
62,0,,,
,1,15000,,
,1,40000,,
,1,,,
,1,,,
71,1,32000,,
66,1,40000,,
66,1,35000,,
65,0,,,
,1,42000,,
63,0,,,
69,1,47911,,
65,0,28000,,
61,0,29000,,
62,0,,,
67,0,26000,,
68,0,,,
63,0,500,,
,1,38000,,
59,0,25000,,
61,0,30000,,
66,1,40000,,
66,0,21500,,
71,1,40000,,
64,0,,,
63,0,60000,,
,0,,,
67,0,45000,,
70,1,,,
59,0,,,
68,0,,,
63,0,75000,,
67,1,,,
63,0,70000,,
61,0,,,
64,1,,,
65,0,30000,,
68,0,121993,,
75,1,121993,,
64,0,20000,,
66,1,12000,,
64,0,57000,,
,1,,,
,0,,,
,0,,,
74,1,59000,,
,0,38000,,
73,1,60000,,
,1,,,
67,1,28000,,
64,0,40000,,
62,0,52000,,
,1,,,
,1,5000,,
,1,,,
63,0,43000,,
61,1,48000,,
62,0,12000,,
64,0,56000,,
66,0,0,,
68,1,65000,,
,1,68000,,
62,0,60000,,
62,0,35000,,
65,1,,,
68,1,,,
71,1,30000,,
,1,,,
65,1,,,
66,1,3000,,
67,1,35000,,
66,1,,,
64,1,11000,,
69,1,9000,,
69,1,35000,,
,0,,,
67,0,65000,,
62,0,,,
62,0,35000,,
61,0,33000,,
63,0,1000,,
71,1,43000,,
71,1,,,
59,0,,,
68,1,50000,,
,1,,,
64,0,2139,,
64,0,27000,,
,0,,,
63,0,27000,,
63,0,46000,,
67,1,32000,,
66,0,,,
,1,,,
70,1,,,
66,0,,,
73,1,52000,,
65,0,21000,,
,0,,,
,1,,,
73,1,52000,,
,0,,,
74,1,40000,,
,0,,,
,1,,,
,1,,,
59,0,30000,,
,0,,,
,1,,,
69,1,50000,,
70,1,28000,,
62,0,27408,,
64,0,7000,,
67,0,,,
66,0,35000,,
68,1,52000,,
67,1,40000,,
67,1,3500,,
69,1,35000,,
69,1,13000,,
71,1,8000,,
,1,,,
69,1,,,
,1,,,
,0,,,
69,1,1500,,
67,0,25000,,
69,0,3500,,
71,1,55000,,
,1,,,
,0,,,
65,0,10000,,
70,1,34000,,
69,0,,,
,1,,,
64,0,,,
74,1,15000,,
73,1,20000,,
67,0,,,
68,0,50000,,
,0,78000,,
65,0,40000,,
,1,,,
73,1,,,
70,1,50000,,
71,1,40000,,
66,1,,,
68,0,28000,,
64,0,44000,,
66,0,26015,,
63,0,20000,,
,1,,,
55,0,25000,,
68,1,,,
,1,,,
,0,,,
71,1,70000,,
62,0,30000,,
77,1,12200,,
64,0,40000,,
,0,,,
71,0,,,
74,1,35000,,
67,0,,,
64,1,20000,,
66,1,15000,,
64,0,9000,,
69,1,24000,,
66,0,,,
71,1,13000,,
64,1,45000,,
61,0,,,
,0,,,
,0,,,
63,0,21000,,
70,1,25000,,
68,0,1000,,
67,0,,,
74,1,27000,,
71,1,34000,,
71,1,40000,,
66,1,35000,,
67,1,50000,,
70,0,,,
61,0,12000,,
61,0,,,
62,0,5280,,
62,1,,,
65,0,25000,,
59,0,14000,,
65,1,28000,,
63,0,,,
63,0,40000,,
,0,,,
65,0,1200,,
70,1,,,
63,0,31000,,
,0,,,
64,0,15000,,
71,1,30000,,
71,1,7000,,
,0,25000,,
62,0,5000,,
65,0,,,
64,0,31000,,
71,1,18000,,
,1,31000,,
68,1,25000,,
,0,15000,,
67,1,80000,,
64,0,55000,,
71,1,70000,,
71,0,,,
63,0,20000,,
75,1,,,
,1,,,
62,0,11000,,
,1,,,
,0,,,
,1,,,
,1,,,
,0,,,
67,0,54000,,
,0,,,
,1,,,
,1,,,
,1,,,
71,1,40000,,
,0,,,
74,1,,,
,1,,,
63,0,29000,,
69,1,30000,,
67,0,41000,,
70,1,,,
67,1,35000,,
,0,,,
65,1,25000,,
62,0,24000,,
65,0,28000,,
39,1,,,
70,1,30000,,
71,0,,,
62,0,28000,,
67,1,20000,,
64,1,10000,,
,1,24000,,
64,0,,,
66,1,121993,,
68,1,24000,,
67,1,,,
66,1,,,
62,0,32000,,
67,0,30000,,
67,0,,,
,0,,,
,0,,,
64,0,50000,,
63,0,36000,,
63,0,121993,,
73,1,42000,,
73,1,,,
69,0,28000,,
,1,,,
63,0,28000,,
,0,,,
67,0,30000,,
74,1,10000,,
73,1,60000,,
71,1,70000,,
,1,,,
77,1,121993,,
64,0,37000,,
71,1,30000,,
,1,,,
67,1,50000,,
,1,,,
,1,,,
,1,,,
70,1,37000,,
62,0,14000,,
59,0,12000,,
74,1,35000,,
67,0,8000,,
68,0,,,
,1,36000,,
64,0,17000,,
67,1,0,,
73,1,65000,,
67,1,30000,,
62,0,19000,,
,1,,,
67,1,18000,,
,1,,,
,0,,,
66,1,68000,,
76,1,29000,,
64,0,,,
67,0,,,
69,1,,,
69,1,49000,,
71,1,55000,,
70,1,21000,,
66,0,30000,,
67,1,32000,,
,1,27000,,
68,0,,,
69,0,,,
66,0,49857,,
65,0,45000,,
71,1,20000,,
66,0,43000,,
,1,,,
67,1,,,
73,1,29000,,
62,0,1500,,
63,0,51000,,
,0,,,
66,0,,,
59,0,30000,,
,0,,,
,0,,,
69,1,46000,,
63,0,39000,,
69,1,30000,,
63,0,,,
64,0,7000,,
68,1,45000,,
62,0,,,
,0,8000,,
76,1,12000,,
65,0,,,
70,1,32000,,
,0,,,
68,0,10000,,
,1,,,
74,1,11000,,
74,1,20000,,
66,0,52000,,
,0,,,
,1,,,
63,0,31000,,
68,1,55000,,
70,1,35000,,
,1,,,
68,1,36000,,
64,0,24000,,
,1,,,
66,0,12000,,
71,1,38000,,
63,0,,,
71,1,10000,,
,1,60000,,
,0,,,
70,1,45000,,
,1,,,
65,0,63000,,
,0,,,
,0,,,
68,0,30000,,
,1,50000,,
63,0,1500,,
65,1,50000,,
65,0,45000,,
76,1,75000,,
64,0,35700,,
75,1,42500,,
75,1,55000,,
,1,,,
,1,,,
,1,,,
74,1,4000,,
,1,121993,,
70,1,56000,,
61,0,15000,,
,0,,,
62,0,10000,,
71,1,40000,,
66,0,47000,,
65,0,,,
65,1,25000,,
,1,,,
63,0,29000,,
67,1,15000,,
66,0,29000,,
,1,61000,,
,1,36000,,
68,1,40000,,
69,1,121993,,
,1,,,
66,0,73000,,
67,0,43600,,
65,0,55000,,
,1,25000,,
73,1,26000,,
74,1,35000,,
68,0,,,
,1,44000,,
65,0,24000,,
64,0,250,,
64,0,38000,,
65,0,14000,,
67,1,,,
65,0,32000,,
78,1,1000,,
61,0,7000,,
66,0,52000,,
,1,,,
65,0,,,
69,1,10000,,
61,0,4576,,
70,1,,,
,1,50000,,
65,0,,,
75,1,42000,,
,1,34000,,
67,1,32000,,
61,0,,,
71,1,30000,,
74,1,,,
74,1,58000,,
,1,,,
,0,,,
77,1,2000,,
62,0,0,,
69,1,500,,
70,1,24000,,
,0,21000,,
,0,,,
63,0,,,
70,1,50000,,
,0,,,
,0,,,
67,0,8000,,
,0,,,
,1,,,
,1,,,
62,0,,,
68,1,,,
64,0,32000,,
68,1,121993,,
,1,30000,,
75,1,12000,,
75,1,63000,,
70,1,46000,,
70,0,40000,,
71,1,30000,,
,1,25000,,
,1,,,
63,0,121993,,
73,1,,,
65,0,5000,,
65,0,20000,,
71,1,38000,,
63,0,25000,,
75,1,121993,,
,0,,,
,0,,,
62,0,64500,,
64,0,,,
,0,,,
76,1,51000,,
65,1,12000,,
62,0,2000,,
66,0,18000,,
68,0,,,
67,0,19000,,
,1,,,
,1,,,
73,1,48000,,
70,1,121993,,
,1,,,
63,0,35000,,
66,0,8000,,
69,1,25000,,
66,0,7000,,
69,1,,,
73,1,34000,,
68,1,60000,,
,0,,,
,0,,,
65,0,60000,,
,1,,,
,1,,,
,0,,,
,1,,,
,0,,,
70,1,30000,,
71,1,,,
,1,23000,,
,1,,,
,0,,,
73,1,32000,,
66,0,,,
,0,,,
66,0,5000,,
,1,,,
64,0,32000,,
75,1,45000,,
,1,,,
,0,,,
67,0,20000,,
,1,,,
69,1,30000,,
68,1,26000,,
61,0,40000,,
69,1,14000,,
,1,,,
69,1,42000,,
,1,,,
,1,,,
67,1,62000,,
71,1,16500,,
,1,,,
67,0,21000,,
71,1,15000,,
74,1,,,
71,1,18000,,
,0,,,
64,0,31000,,
65,0,52000,,
,1,60000,,
67,1,62500,,
69,1,70000,,
65,0,10000,,
66,0,6000,,
73,1,35000,,
,1,,,
75,1,62000,,
71,1,12000,,
66,0,10000,,
68,1,35000,,
,0,,,
71,1,65000,,
,0,,,
67,0,,,
66,0,47000,,
62,0,,,
68,0,,,
,0,7000,,
,1,,,
65,0,35000,,
69,1,,,
71,1,36000,,
65,0,28000,,
68,0,17000,,
74,1,7000,,
63,0,36000,,
64,0,18000,,
68,1,53000,,
69,1,42000,,
66,0,58403,,
,0,,,
65,1,28000,,
69,1,15000,,
67,0,32000,,
68,0,,,
,1,,,
68,0,22000,,
73,1,72000,,
66,1,121993,,
61,0,,,
64,0,121993,,
67,0,62000,,
67,0,82000,,
,1,,,
69,1,20000,,
64,0,70000,,
,1,,,
63,0,33854,,
68,1,,,
67,0,6000,,
68,0,,,
62,0,27000,,
61,0,54000,,
70,1,8500,,
61,0,24000,,
,0,,,
66,0,42000,,
,1,80000,,
68,0,19000,,
65,0,24000,,
69,1,,,
,1,121993,,
71,1,40000,,
64,0,10000,,
66,0,15000,,
61,0,,,
74,1,,,
71,1,27000,,
,1,,,
63,0,29000,,
,0,,,
76,1,,,
65,0,,,
,1,,,
,0,,,
,1,20000,,
64,0,4800,,
64,0,,,
,1,,,
62,0,,,
64,0,121993,,
62,0,36000,,
65,0,12000,,
71,1,21000,,
64,0,43800,,
67,1,30000,,
67,1,,,
,1,,,
,0,,,
67,0,14000,,
65,1,,,
68,1,,,
,1,,,
63,0,7665,,
71,1,32000,,
74,1,80000,,
70,1,50000,,
,0,,,
64,0,15000,,
,1,,,
,0,,,
74,1,27000,,
67,0,48000,,
65,0,15000,,
,1,60000,,
,0,,,
65,0,,,
64,0,,,
61,0,20000,,
69,0,,,
66,1,825,,
,0,,,
70,1,12000,,
62,0,38000,,
71,0,30000,,
,1,,,
61,0,,,
64,0,38000,,
75,1,,,
67,1,121993,,
,0,5000,,
,0,,,
73,1,30000,,
62,0,44000,,
63,0,13000,,
59,0,48000,,
63,0,40000,,
,1,,,
66,1,65100,,
59,0,35000,,
67,1,25000,,
63,0,45000,,
62,0,5000,,
62,0,50000,,
66,0,52000,,
66,0,28500,,
63,0,60000,,
67,1,7000,,
,1,,,
,1,,,
64,0,68000,,
71,1,25000,,
,0,,,
,1,,,
67,1,12000,,
,0,,,
74,0,60000,,
,1,,,
,0,,,
,0,,,
63,0,42000,,
66,0,38000,,
68,0,,,
,0,,,
74,1,2000,,
,0,,,
63,0,47000,,
70,1,20000,,
,1,,,
70,1,,,
71,1,25000,,
,1,,,
68,0,77000,,
74,1,45000,,
75,1,40000,,
65,0,42594,,
,0,,,
65,0,,,
70,0,54000,,
68,1,,,
62,0,28000,,
69,1,14000,,
64,0,27000,,
70,1,121993,,
,1,,,
71,1,6000,,
70,1,46000,,
67,1,42000,,
,1,121993,,
69,1,64000,,
65,0,70000,,
66,1,74000,,
73,1,30000,,
,1,,,
65,0,24000,,
62,0,54000,,
,0,,,
66,0,42765,,
70,1,40000,,
64,0,42042,,
64,0,,,
74,1,,,
64,1,28000,,
70,0,,,
65,0,40000,,
,1,,,
65,0,2000,,
65,0,12000,,
71,1,58500,,
70,1,15000,,
71,1,16500,,
69,1,40000,,
,1,,,
71,1,27000,,
63,0,6600,,
67,1,300,,
65,1,,,
67,1,24000,,
68,1,,,
62,0,25000,,
71,1,48000,,
62,0,,,
,1,,,
69,1,47500,,
66,1,,,
,1,,,
,1,,,
,1,,,
,0,,,
,1,121993,,
71,1,40000,,
74,1,121993,,
64,0,43000,,
65,0,20000,,
,0,,,
62,0,20000,,
71,1,23000,,
73,1,65000,,
75,1,,,
76,1,,,
66,0,29000,,
70,1,,,
67,1,37000,,
54,1,40000,,
,0,,,
68,1,600,,
65,0,28000,,
75,1,,,
73,1,,,
64,1,12000,,
63,0,20000,,
65,0,35000,,
,1,,,
,0,0,,
63,0,30000,,
68,1,,,
63,0,,,
76,1,27000,,
62,0,,,
65,0,40000,,
74,1,30000,,
89,0,17000,,
,1,,,
66,0,1000,,
71,1,36000,,
62,0,,,
66,0,,,
65,0,11000,,
66,0,,,
76,1,,,
78,1,,,
64,0,30000,,
67,0,800,,
74,1,9000,,
,1,,,
,0,,,
,1,32000,,
61,0,10000,,
62,0,,,
67,1,25000,,
,1,,,
,0,,,
75,1,,,
74,1,,,
,0,,,
69,1,75000,,
65,0,36500,,
,0,,,
,0,,,
68,1,,,
,1,,,
,0,,,
65,1,26500,,
68,0,13000,,
66,0,37500,,
,0,,,
,1,,,
70,1,49000,,
63,0,50000,,
,0,,,
,1,,,
70,1,75000,,
62,0,35000,,
65,0,45000,,
69,1,28000,,
,1,1000,,
71,1,24000,,
63,0,36000,,
70,1,6000,,
67,0,25000,,
71,0,,,
65,0,,,
62,0,,,
64,0,,,
64,0,22000,,
,0,,,
,0,,,
67,1,,,
58,0,,,
71,1,41000,,
61,0,46000,,
,1,,,
73,1,5000,,
,1,,,
68,1,121993,,
,0,,,
69,1,52000,,
64,0,54000,,
70,1,45000,,
67,0,18000,,
66,0,32000,,
62,0,121993,,
,0,,,
75,1,30000,,
62,0,22000,,
,1,,,
74,1,24200,,
70,1,65000,,
69,0,,,
68,0,15000,,
73,1,48000,,
73,1,33000,,
70,1,22000,,
68,0,24000,,
63,0,,,
,0,,,
77,1,80000,,
,1,,,
,1,,,
68,0,30,,
,0,,,
69,1,45000,,
,1,,,
73,1,12000,,
61,0,34000,,
64,0,33400,,
63,0,56500,,
63,0,38000,,
,1,,,
64,0,34000,,
64,0,25000,,
73,1,48000,,
,0,,,
62,0,23000,,
61,0,20000,,
65,0,41000,,
74,1,60000,,
,0,,,
70,1,25000,,
70,1,53000,,
70,1,15000,,
61,0,70000,,
71,1,60000,,
71,1,47000,,
70,1,,,
,1,,,
,0,,,
68,0,,,
70,1,121993,,
,1,,,
63,0,35000,,
,1,,,
74,1,45000,,
70,1,,,
66,0,37000,,
,1,,,
66,0,45000,,
,1,,,
64,0,,,
70,1,,,
,1,,,
73,1,,,
,0,,,
67,0,34000,,
,1,40000,,
,1,,,
,1,,,
71,1,121993,,
68,0,35500,,
67,0,35300,,
69,1,2500,,
61,0,50000,,
70,1,34000,,
,1,,,
,1,76000,,
64,0,10000,,
73,1,39700,,
68,1,30000,,
62,0,,,
68,1,,,
69,1,,,
65,0,78000,,
,1,,,
74,1,,,
63,0,,,
66,1,5000,,
64,0,80000,,
73,0,,,
,1,13000,,
70,1,33000,,
,0,,,
,1,,,
69,1,,,
67,0,,,
,1,,,
68,1,150,,
66,1,32000,,
67,0,1800,,
70,1,5000,,
,1,,,
65,1,,,
64,0,600,,
,1,,,
69,1,,,
62,0,43000,,
67,1,,,
,0,,,
70,1,,,
64,0,30000,,
70,1,38000,,
61,0,19000,,
71,1,15500,,
,1,10000,,
68,1,60000,,
73,1,10000,,
66,1,,,
74,1,70000,,
71,1,27000,,
71,1,34000,,
61,0,20000,,
71,1,30000,,
68,1,35000,,
64,0,72000,,
,0,,,
66,0,10701,,
,1,,,
64,0,,,
,0,,,
68,1,31000,,
62,0,12000,,
65,0,27000,,
69,1,5800,,
71,1,42000,,
67,1,,,
70,0,30000,,
62,0,17800,,
,1,,,
67,0,,,
,0,,,
,0,,,
73,1,35000,,
74,1,4000,,
73,1,49000,,
,1,,,
67,1,30000,,
74,1,15000,,
61,0,45000,,
69,0,,,
69,1,24000,,
66,0,60000,,
71,0,27000,,
63,1,35000,,
69,0,40000,,
69,1,38000,,
,1,35000,,
,0,,,
,0,11000,,
64,0,65000,,
,1,40000,,
69,1,,,
68,1,70000,,
71,1,24900,,
68,1,44000,,
62,0,58000,,
70,1,,,
75,1,52000,,
63,0,40000,,
75,1,,,
70,1,,,
69,1,60000,,
,1,,,
68,0,45000,,
,1,26000,,
66,0,25000,,
,1,,,
78,1,5100,,
70,0,,,
62,0,41000,,
69,1,38200,,
,1,12000,,
,1,,,
,1,,,
74,1,,,
,0,,,
63,0,38000,,
73,1,76000,,
74,1,40000,,
65,0,65000,,
63,0,5000,,
66,0,16000,,
,0,,,
74,1,42000,,
67,0,48000,,
63,0,35000,,
,0,,,
63,0,55000,,
64,0,39000,,
67,0,,,
,0,,,
,1,27000,,
63,0,23000,,
74,1,24000,,
67,1,15000,,
69,0,35140,,
70,1,31000,,
69,0,30000,,
,0,47000,,
78,1,42000,,
65,0,,,
70,0,25000,,
65,0,25000,,
,0,,,
,0,,,
73,1,30000,,
,0,,,
61,0,,,
68,1,30000,,
69,1,121993,,
,0,,,
64,0,,,
71,1,80000,,
,0,,,
74,1,38000,,
70,1,50700,,
70,1,56000,,
62,0,26000,,
66,0,29000,,
,1,,,
65,0,25000,,
,1,,,
71,1,40000,,
,0,0,,
69,1,,,
66,1,40000,,
71,1,25000,,
,0,,,
,0,,,
,0,38000,,
62,0,47000,,
62,0,30000,,
71,1,21000,,
66,1,27000,,
66,1,28800,,
68,0,14700,,
71,1,17700,,
,1,48000,,
64,1,30000,,
68,1,121993,,
67,1,35000,,
63,0,,,
,0,,,
67,0,15000,,
,1,,,
,0,,,
74,1,53000,,
,1,24000,,
61,0,30000,,
71,1,50000,,
73,1,33000,,
,1,45000,,
62,0,17000,,
69,0,39000,,
,1,,,
74,1,,,
74,1,15000,,
66,0,8000,,
66,0,,,
,0,5500,,
61,0,5000,,
,0,,,
,0,,,
53,1,33000,,
65,0,,,
61,0,30000,,
61,0,,,
,1,7000,,
73,1,,,
,1,,,
69,1,3500,,
,0,,,
62,0,,,
77,1,,,
75,1,12000,,
70,1,60000,,
71,0,40000,,
,1,,,
67,1,79000,,
75,1,14000,,
69,1,,,
,1,,,
74,1,,,
67,0,70000,,
68,0,56000,,
68,0,55000,,
66,0,,,
65,0,32000,,
67,0,20000,,
61,0,30000,,
71,1,73000,,
,1,38000,,
67,0,,,
67,0,43000,,
75,1,25000,,
61,0,39000,,
,0,,,
77,0,,,
66,1,3000,,
65,1,60000,,
62,0,,,
64,0,,,
70,0,38000,,
68,0,50000,,
68,1,50000,,
67,0,,,
67,0,39300,,
,1,121993,,
75,1,56000,,
66,0,16000,,
,0,,,
67,0,17000,,
68,1,35000,,
65,0,75000,,
73,1,45000,,
66,0,,,
69,1,,,
65,0,23000,,
65,0,41000,,
73,1,40000,,
73,1,22000,,
,0,,,
70,1,60000,,
67,0,35600,,
63,0,2000,,
69,1,54000,,
62,0,53405,,
66,0,30000,,
,1,40000,,
70,1,35000,,
73,1,57675,,
68,1,,,
62,0,7000,,
75,1,121993,,
69,1,40000,,
66,0,45000,,
73,1,10000,,
,0,,,
,1,,,
64,0,75000,,
,0,,,
,1,65000,,
,1,40000,,
,0,12000,,
66,1,10000,,
69,0,,,
,1,57500,,
70,1,,,
65,0,,,
69,0,5000,,
67,0,16000,,
76,1,,,
,0,,,
,0,,,
67,1,,,
,1,35000,,
69,1,25000,,
68,1,40000,,
68,1,48000,,
66,1,,,
66,0,55000,,
70,1,32000,,
63,0,20000,,
,0,,,
70,1,70000,,
64,0,75000,,
68,1,43000,,
64,0,25000,,
63,0,10000,,
61,0,14500,,
65,0,78000,,
65,0,200,,
67,0,47000,,
64,0,39900,,
,0,,,
67,0,,,
72,1,,,
65,0,15000,,
66,1,0,,
,0,,,
,1,,,
74,1,32000,,
63,0,,,
69,1,48000,,
67,0,15000,,
65,0,10000,,
66,0,14000,,
71,1,,,
66,1,47000,,
63,0,45000,,
65,0,30000,,
71,1,13000,,
,1,121993,,
74,1,50000,,
,0,,,
74,1,32000,,
66,0,,,
67,0,121993,,
75,1,75000,,
,0,,,
65,0,,,
64,0,,,
,1,,,
76,1,45000,,
69,0,46000,,
,1,0,,
67,0,50000,,
62,0,3000,,
69,1,10977,,
71,1,30000,,
69,0,28000,,
,1,,,
,0,,,
,0,,,
62,0,19000,,
,0,20000,,
62,0,45000,,
,0,12000,,
68,1,,,
78,0,,,
,1,,,
,1,,,
69,1,,,
67,0,43300,,
64,0,40000,,
73,1,30000,,
71,1,50000,,
73,1,27000,,
,1,,,
73,1,8000,,
73,0,0,,
71,1,32000,,
62,1,27000,,
65,1,33000,,
62,1,1000,,
,1,,,
71,1,23000,,
70,1,,,
67,0,17500,,
61,0,,,
67,0,45500,,
68,1,6500,,
66,1,30000,,
56,0,15000,,
70,1,,,
69,1,28000,,
67,0,36000,,
62,0,12000,,
61,0,,,
,0,,,
71,1,20000,,
73,1,30000,,
69,1,8000,,
,1,,,
65,0,14000,,
69,1,24000,,
57,0,24000,,
59,0,10000,,
66,1,600,,
68,0,28000,,
66,0,13400,,
66,1,15000,,
67,0,41500,,
,1,,,
67,0,58000,,
,0,,,
65,0,,,
68,0,,,
,1,,,
,1,,,
65,0,0,,
,0,26000,,
66,0,19000,,
65,0,4000,,
64,0,400,,
,0,,,
67,0,40000,,
67,0,55000,,
63,0,25000,,
,1,,,
,0,,,
73,1,,,
70,0,40000,,
,0,,,
67,0,,,
,1,,,
63,0,15000,,
66,1,,,
,0,,,
74,1,35000,,
,1,11400,,
,1,,,
70,1,65000,,
,1,,,
67,0,121993,,
75,1,65000,,
68,0,121993,,
,1,,,
67,1,40000,,
67,1,40000,,
67,1,,,
69,0,23000,,
68,0,41000,,
,1,,,
71,1,12000,,
63,0,32000,,
67,0,30000,,
,1,,,
71,1,39000,,
66,1,,,
,1,,,
62,0,40000,,
,1,,,
68,0,36000,,
66,0,50000,,
,1,,,
,0,121993,,
70,1,34000,,
75,1,30000,,
61,0,,,
68,1,15000,,
,1,48000,,
,1,,,
,0,,,
,1,,,
71,1,,,
71,1,83000,,
68,1,18000,,
69,1,59000,,
68,0,38500,,
,0,,,
74,1,39500,,
,0,,,
70,1,121993,,
69,1,,,
66,0,,,
73,1,,,
,1,,,
,1,13000,,
68,1,13000,,
71,1,,,
65,0,46000,,
63,0,,,
61,0,10000,,
64,0,55000,,
66,0,22000,,
68,0,,,
76,1,,,
,1,121993,,
,0,,,
74,1,34000,,
69,0,,,
66,0,25000,,
,1,,,
69,0,121993,,
74,1,,,
73,0,,,
77,1,34000,,
63,0,10250,,
67,1,60000,,
,1,,,
66,0,,,
67,0,23000,,
69,0,,,
70,1,35000,,
73,1,20000,,
69,1,59000,,
69,1,25000,,
70,1,45000,,
,0,,,
,0,,,
,1,,,
70,1,55000,,
71,1,43000,,
,1,,,
68,0,13000,,
73,1,29000,,
63,0,,,
63,0,,,
,1,,,
67,1,,,
,0,,,
,1,,,
70,1,,,
,0,,,
62,0,,,
71,1,17000,,
73,1,70000,,
,0,,,
64,0,,,
63,0,28500,,
61,0,26000,,
,1,,,
66,1,26000,,
,1,15000,,
61,0,5000,,
,1,,,
,1,,,
,1,,,
,1,22800,,
66,0,,,
69,1,26000,,
63,0,25000,,
,0,,,
64,1,,,
70,0,25000,,
67,1,,,
73,1,70000,,
,0,,,
,1,,,
,1,,,
67,0,17000,,
66,1,30000,,
64,1,35000,,
,0,,,
64,0,34000,,
74,1,45000,,
64,0,30000,,
71,1,47850,,
67,0,23000,,
,1,,,
62,0,,,
,0,,,
66,0,42000,,
68,0,121993,,
70,1,24000,,
66,0,6000,,
,1,75000,,
,0,,,
68,1,32000,,
,1,,,
67,1,,,
67,0,,,
64,0,,,
,1,,,
,1,,,
,1,,,
69,1,10000,,
62,1,15000,,
75,1,14500,,
71,1,10000,,
67,0,42000,,
70,1,25000,,
71,1,50000,,
64,0,24000,,
62,0,34000,,
68,0,15000,,
75,1,55000,,
,0,1500,,
74,1,18000,,
74,1,41000,,
73,1,58000,,
67,0,,,
,0,,,
64,0,38000,,
66,0,30000,,
62,0,4500,,
63,0,17500,,
64,0,28000,,
68,1,32000,,
69,1,,,
67,0,,,
74,1,4500,,
71,1,13000,,
,0,,,
62,0,20000,,
69,1,7000,,
76,1,47000,,
,0,,,
76,1,37000,,
,0,,,
,1,,,
64,0,,,
64,0,18000,,
67,1,50000,,
69,1,60000,,
67,0,17250,,
66,1,48000,,
,0,,,
70,1,39420,,
64,1,,,
70,1,5500,,
73,1,68000,,
74,1,10000,,
68,0,33000,,
73,1,20000,,
66,0,20000,,
68,1,37000,,
70,1,32000,,
75,1,34000,,
,0,,,
73,1,60000,,
71,1,22000,,
,0,,,
,0,,,
73,1,,,
64,0,37000,,
69,1,35000,,
73,1,47380,,
73,1,80000,,
,1,,,
67,0,44000,,
73,1,40000,,
76,1,30000,,
69,1,,,
63,0,0,,
68,1,22000,,
,0,,,
,1,,,
63,0,43000,,
70,1,6000,,
62,0,40000,,
63,0,70000,,
64,0,,,
69,1,,,
67,1,1000,,
59,0,30000,,
69,1,5000,,
62,0,,,
68,1,,,
,0,,,
74,1,32500,,
,0,,,
74,1,35000,,
,1,,,
74,1,46489,,
67,1,32000,,
,0,,,
66,0,6000,,
73,1,53272,,
66,0,121993,,
,1,,,
66,0,0,,
68,1,,,
68,0,10000,,
,0,,,
64,0,35880,,
67,0,24000,,
59,0,16800,,
69,1,50000,,
70,1,49000,,
70,1,3200,,
65,0,,,
75,1,4000,,
71,1,22000,,
70,1,60000,,
65,0,50000,,
,0,,,
63,0,30000,,
64,0,,,
68,1,27000,,
74,1,50000,,
63,0,35000,,
,1,,,
73,1,10000,,
65,0,5000,,
66,0,75000,,
73,1,80000,,
70,1,78000,,
,1,,,
69,1,13000,,
,0,,,
,1,,,
,1,,,
,1,,,
71,0,30000,,
67,0,,,
70,1,30000,,
69,1,0,,
71,0,1500,,
67,0,3000,,
66,0,28000,,
66,0,32000,,
62,0,,,
67,1,,,
65,0,30000,,
70,1,46000,,
75,1,42000,,
,0,,,
,1,,,
66,0,19000,,
67,0,26000,,
70,1,34000,,
67,1,,,
67,0,1200,,
63,0,5000,,
74,1,36000,,
69,1,7000,,
62,0,25000,,
65,0,,,
75,1,25000,,
,1,25000,,
,1,6000,,
64,0,4000,,
,1,,,
70,0,50000,,
62,0,,,
69,1,41000,,
60,0,,,
68,1,42000,,
63,0,,,
,1,19000,,
62,0,14000,,
,1,,,
69,0,57000,,
,1,59800,,
64,0,46000,,
67,1,7500,,
,1,,,
70,1,38000,,
68,1,25000,,
62,0,2100,,
61,0,13000,,
65,0,5200,,
62,0,17000,,
69,1,30000,,
,1,5000,,
64,1,,,
,0,,,
65,0,30000,,
,1,,,
67,1,45000,,
77,0,32000,,
,1,,,
71,1,,,
,0,17000,,
75,0,,,
,1,,,
64,0,10850,,
71,1,31000,,
71,1,28000,,
62,0,50000,,
66,1,20000,,
69,1,,,
67,0,,,
73,1,75000,,
65,0,,,
,1,,,
69,1,33000,,
68,1,40000,,
68,1,35000,,
69,0,38000,,
76,1,20000,,
67,0,15120,,
67,0,27000,,
73,1,,,
71,1,8000,,
77,1,23000,,
73,1,28000,,
59,0,6000,,
61,0,27000,,
,1,,,
61,0,22000,,
,1,,,
71,1,26000,,
69,0,,,
70,0,29000,,
69,1,65000,,
,0,,,
62,0,,,
65,0,,,
73,0,18000,,
69,1,38089,,
62,0,,,
62,0,,,
67,1,,,
71,1,7000,,
66,0,24000,,
74,1,25000,,
,0,,,
64,0,30000,,
,1,,,
70,1,,,
64,0,5000,,
65,0,24000,,
70,1,35000,,
71,0,50000,,
,1,,,
,1,65000,,
67,0,,,
68,0,,,
,1,,,
74,1,17000,,
62,0,60000,,
67,0,,,
,1,,,
74,1,12000,,
,0,2000,,
62,0,25000,,
,0,34000,,
67,1,24000,,
68,1,28000,,
65,0,15000,,
,0,,,
65,0,40000,,
,0,,,
67,1,,,
64,0,8000,,
63,0,,,
67,0,37500,,
65,0,25000,,
,1,30000,,
,1,51000,,
,0,,,
76,1,20000,,
69,0,42000,,
,0,,,
73,1,60000,,
63,0,750,,
,1,75000,,
67,0,33000,,
63,0,15000,,
67,0,,,
71,1,6000,,
73,1,55000,,
67,1,15000,,
71,0,48000,,
70,1,36000,,
71,1,55000,,
74,1,30000,,
71,1,121993,,
74,1,55000,,
69,1,36000,,
71,1,44000,,
,0,,,
,0,,,
,1,37000,,
71,0,55000,,
68,0,44000,,
,1,,,
,1,,,
68,0,80000,,
74,1,121993,,
67,0,75000,,
70,1,15000,,
64,0,36000,,
,1,,,
69,1,1500,,
67,0,,,
,0,,,
76,1,27000,,
66,0,6000,,
73,1,121993,,
75,1,41000,,
71,1,58000,,
74,1,4000,,
,1,32000,,
62,0,26600,,
,1,,,
66,0,30000,,
64,0,25000,,
66,0,28000,,
66,0,41000,,
75,1,48000,,
,1,,,
63,0,31400,,
66,0,25000,,
,0,,,
,1,,,
68,1,28000,,
73,1,121993,,
68,1,77000,,
61,0,,,
65,0,50000,,
69,1,,,
,1,,,
,0,,,
76,1,54000,,
,1,29000,,
69,0,,,
,0,4000,,
74,1,400,,
76,1,6000,,
65,0,2000,,
63,0,11000,,
67,0,,,
69,0,121993,,
63,0,15000,,
63,0,22000,,
61,0,36000,,
,1,11000,,
,0,,,
,1,25000,,
,1,65000,,
59,0,25000,,
,1,,,
68,1,25000,,
64,0,,,
64,1,30000,,
66,0,11040,,
73,1,16000,,
69,1,31000,,
78,1,25000,,
68,1,25000,,
70,1,4000,,
68,1,28000,,
63,0,15000,,
,0,,,
69,0,121993,,
67,0,48000,,
74,1,121993,,
70,1,27000,,
68,1,22500,,
74,1,67000,,
66,0,35000,,
68,0,55000,,
,1,,,
64,0,3000,,
,1,,,
75,1,34000,,
77,1,75000,,
71,1,65000,,
,0,,,
71,1,41000,,
64,0,25000,,
63,0,0,,
70,1,8000,,
62,1,43000,,
63,0,18000,,
69,1,13000,,
63,0,35000,,
,1,,,
66,1,45000,,
,1,,,
68,0,35000,,
63,0,22000,,
71,1,10000,,
,0,,,
71,0,30000,,
,0,10000,,
73,1,,,
71,1,10000,,
63,0,12000,,
,1,,,
75,1,32000,,
69,0,52000,,
,1,,,
71,1,15000,,
69,1,15000,,
,1,9000,,
,1,,,
65,0,40000,,
67,0,11000,,
65,0,55000,,
71,1,25000,,
71,1,35000,,
67,0,,,
,1,,,
63,0,27000,,
62,0,4000,,
70,1,121993,,
66,0,27000,,
62,0,13000,,
65,1,41000,,
69,1,40000,,
70,1,30000,,
,0,,,
,1,,,
,1,,,
,1,43000,,
69,1,45000,,
70,1,67000,,
68,1,,,
63,0,30000,,
66,0,26000,,
,1,,,
64,0,8000,,
66,0,26000,,
69,0,,,
,1,56000,,
69,0,26000,,
,1,,,
,1,15000,,
,0,,,
65,0,,,
,0,,,
62,0,50000,,
71,1,54000,,
,1,47000,,
70,1,39000,,
70,1,44800,,
69,1,47000,,
,1,,,
71,1,30000,,
69,1,,,
69,1,5000,,
67,1,39000,,
70,1,30000,,
,0,,,
68,0,,,
77,1,30000,,
66,0,,,
,1,,,
,1,,,
,0,,,
64,0,26000,,
,1,,,
,1,45000,,
,1,26000,,
,1,12000,,
71,1,18000,,
,1,25000,,
67,1,11000,,
63,0,35000,,
,0,,,
,1,,,
,1,37000,,
73,1,17000,,
63,0,55000,,
62,1,30000,,
67,1,70000,,
,0,,,
,0,,,
,1,,,
,1,,,
,0,,,
,0,,,
67,0,24000,,
73,1,38000,,
65,0,14000,,
61,0,,,
62,0,40000,,
69,1,60000,,
66,1,20000,,
69,1,35000,,
71,1,75000,,
71,1,18000,,
73,1,50000,,
71,1,10000,,
68,1,,,
,0,35800,,
,0,,,
66,1,20000,,
70,1,5985,,
63,0,22000,,
67,1,,,
62,0,13000,,
66,1,21000,,
71,1,15000,,
,0,,,
,1,,,
63,0,32000,,
,0,,,
,1,,,
76,1,21000,,
68,1,,,
68,1,39520,,
,1,,,
62,0,22000,,
75,1,35000,,
71,1,45000,,
65,0,,,
66,1,,,
,1,,,
61,0,,,
61,0,33000,,
,1,,,
61,0,12000,,
69,0,,,
73,1,10000,,
,1,,,
71,1,40000,,
71,1,45000,,
,1,60000,,
67,0,,,
70,1,46000,,
,1,35000,,
67,1,30000,,
70,1,26000,,
65,0,2000,,
66,0,20000,,
,1,,,
,1,,,
,1,,,
,1,,,
62,0,68000,,
76,1,33000,,
67,1,15000,,
61,0,,,
73,1,,,
67,1,15000,,
,1,25000,,
64,0,25000,,
74,1,31000,,
70,1,5000,,
73,1,45000,,
75,1,15000,,
68,1,7000,,
63,0,13000,,
68,0,53000,,
75,1,45000,,
66,0,,,
,0,8000,,
61,0,,,
66,0,13000,,
66,0,,,
,1,18000,,
77,1,27000,,
69,1,25000,,
,1,11247,,
69,1,50000,,
68,1,12000,,
67,1,35000,,
64,0,8000,,
71,1,43000,,
67,0,34000,,
,0,28000,,
70,0,25000,,
61,0,46000,,
68,1,17000,,
65,0,27000,,
67,0,15000,,
,1,,,
76,1,26880,,
,0,,,
62,0,,,
71,0,30000,,
70,1,80000,,
64,0,47000,,
68,0,38000,,
71,1,55000,,
,1,32000,,
62,0,20000,,
73,1,40000,,
,0,17000,,
,0,,,
70,1,14000,,
66,0,,,
,1,,,
66,1,,,
65,0,10000,,
70,1,55000,,
66,1,,,
70,1,,,
,1,,,
68,0,32000,,
71,1,8000,,
65,0,40000,,
,1,,,
62,0,55000,,
,1,,,
68,1,,,
70,1,35000,,
,1,,,
68,1,35000,,
66,1,36000,,
70,1,13000,,
61,1,35500,,
73,1,,,
68,0,35000,,
,1,,,
66,0,121993,,
,1,,,
68,1,34000,,
,1,65000,,
,1,,,
71,1,40000,,
61,0,39000,,
70,1,,,
67,1,27000,,
63,1,23000,,
66,0,21400,,
63,0,18000,,
69,0,42000,,
,1,32000,,
73,1,30000,,
66,1,11000,,
68,0,31000,,
70,1,10500,,
69,1,36000,,
64,0,13000,,
69,0,15000,,
64,0,36000,,
,1,30000,,
68,0,59000,,
67,1,35000,,
,0,,,
,0,,,
65,1,45000,,
,1,,,
75,1,,,
75,1,29000,,
69,1,,,
,0,,,
,0,,,
69,1,45000,,
65,0,30000,,
,0,,,
68,1,34000,,
75,1,,,
75,1,,,
65,0,31000,,
,1,,,
,1,,,
71,1,67000,,
,0,,,
,1,,,
66,0,24000,,
,0,,,
,1,,,
,1,,,
66,0,,,
,1,53000,,
,0,,,
62,0,300,,
75,1,55750,,
63,0,,,
,1,,,
,0,,,
63,0,,,
,1,26000,,
64,0,35000,,
68,1,36500,,
,1,,,
66,0,27000,,
62,0,30000,,
64,0,18000,,
63,0,,,
75,1,27000,,
59,0,49000,,
,1,,,
,0,,,
76,1,40000,,
62,0,,,
75,1,121993,,
63,0,52000,,
65,1,30000,,
62,0,28000,,
64,0,,,
,1,,,
,1,,,
,1,,,
75,1,67000,,
66,0,188,,
76,1,40000,,
,0,,,
64,0,36000,,
69,1,36000,,
71,1,35000,,
,1,,,
70,1,,,
,1,,,
,0,,,
65,0,48000,,
64,0,12000,,
64,0,,,
,0,32000,,
61,0,36000,,
75,1,,,
,0,,,
69,1,121993,,
69,1,55000,,
66,1,25000,,
67,0,33000,,
70,1,52000,,
73,1,,,
,1,,,
,0,,,
68,1,25000,,
,0,,,
,0,,,
69,1,,,
66,0,13000,,
68,1,38000,,
66,0,65000,,
63,0,59000,,
,0,,,
66,1,,,
66,1,24000,,
70,1,45000,,
70,1,12000,,
71,1,32000,,
62,0,,,
63,0,,,
66,1,22000,,
64,0,13000,,
64,0,12048,,
,1,20000,,
70,1,40000,,
,1,22000,,
64,0,1750,,
67,0,16000,,
,1,,,
63,0,,,
,1,46000,,
71,1,32000,,
68,1,23000,,
,1,25000,,
,1,,,
65,0,8000,,
,1,40000,,
,1,29000,,
,0,,,
70,1,24000,,
66,1,27000,,
76,1,20000,,
,1,,,
,1,,,
,1,38000,,
66,0,37000,,
67,0,36000,,
73,1,25000,,
69,0,19000,,
66,0,50000,,
68,1,48000,,
73,1,17000,,
68,1,35000,,
68,1,28000,,
69,1,30000,,
65,0,,,
,0,,,
,0,,,
,1,22000,,
74,1,121993,,
63,0,45000,,
64,0,19670,,
67,1,,,
75,1,40000,,
67,0,15000,,
,1,39000,,
69,0,30000,,
67,0,24000,,
66,0,33000,,
69,1,38000,,
67,0,4000,,
66,0,21000,,
65,0,46000,,
64,0,24000,,
67,0,12000,,
70,1,68000,,
65,0,,,
70,1,43000,,
63,0,,,
,1,28000,,
71,1,30000,,
,1,40000,,
67,0,121993,,
75,1,,,
62,0,48000,,
74,1,25000,,
,1,25000,,
65,0,34000,,
59,0,33000,,
63,0,50000,,
70,1,41000,,
67,1,38000,,
70,1,8000,,
71,1,15000,,
65,0,48000,,
,1,,,
66,0,39750,,
68,0,39000,,
75,1,12000,,
64,0,23000,,
64,0,26000,,
75,1,25000,,
64,1,,,
64,0,14000,,
,0,,,
,0,,,
69,1,21000,,
61,0,,,
73,1,121993,,
66,0,55000,,
68,1,16000,,
74,1,,,
69,1,12000,,
70,1,55000,,
70,1,27000,,
69,1,,,
66,0,22000,,
66,0,17000,,
62,0,12000,,
,1,,,
74,1,12000,,
69,1,20000,,
,1,,,
75,1,23200,,
67,0,50000,,
77,1,43000,,
68,1,30000,,
,0,,,
,1,0,,
65,0,17000,,
,1,,,
76,1,18000,,
69,1,70000,,
74,1,63000,,
66,0,33000,,
70,1,21000,,
68,0,9600,,
,0,,,
64,0,9000,,
,1,25000,,
,1,26000,,
73,1,56000,,
66,0,3800,,
69,0,30000,,
69,1,27000,,
70,1,30000,,
67,1,73000,,
70,1,29000,,
73,1,40000,,
64,0,,,
,1,,,
67,0,40000,,
,0,6000,,
,0,,,
73,1,53000,,
68,0,40000,,
,0,,,
67,0,47000,,
71,1,17000,,
64,0,29000,,
71,1,12000,,
67,1,40000,,
66,0,,,
,1,,,
,1,,,
,0,,,
74,1,,,
69,1,26000,,
,0,,,
,0,,,
70,0,20000,,
,0,,,
62,0,,,
70,1,52000,,
65,0,56000,,
67,1,35000,,
68,1,16000,,
74,1,52000,,
67,0,50000,,
66,0,36400,,
73,1,45000,,
,1,30000,,
,0,,,
74,1,33000,,
65,0,42000,,
63,0,60000,,
,0,,,
64,0,49000,,
,1,50000,,
63,0,13000,,
67,0,6000,,
,1,24000,,
,1,,,
70,1,45000,,
68,0,,,
70,0,38000,,
64,0,15000,,
,1,15000,,
,1,50000,,
68,0,4100,,
69,0,18000,,
66,0,,,
,0,,,
65,1,13500,,
70,1,50000,,
74,1,10000,,
65,0,17000,,
,1,,,
,1,45000,,
77,1,7000,,
,1,,,
73,1,17000,,
70,1,37000,,
66,0,,,
66,0,3000,,
74,1,,,
,1,40000,,
67,1,4000,,
,1,55000,,
77,1,31000,,
67,0,10000,,
,1,,,
62,0,9000,,
66,0,,,
66,0,47500,,
77,1,45922,,
68,1,121993,,
62,0,,,
75,1,10000,,
,1,11850,,
74,1,23000,,
68,1,27000,,
67,0,5500,,
64,0,35000,,
67,1,,,
61,0,,,
74,1,5000,,
68,0,35000,,
62,0,,,
69,0,12000,,
66,0,22000,,
,0,,,
70,1,30000,,
69,1,29000,,
68,0,,,
70,1,48000,,
,1,79000,,
69,1,58000,,
73,1,20000,,
67,0,43000,,
70,1,18000,,
65,1,27000,,
73,1,42000,,
75,1,19000,,
68,0,45000,,
66,0,29000,,
67,1,50000,,
76,1,42000,,
76,1,32000,,
63,0,30000,,
63,0,,,
,0,,,
,1,,,
,0,,,
68,0,,,
68,0,32000,,
65,0,25000,,
71,1,25000,,
,1,37500,,
62,0,67000,,
70,1,50000,,
67,1,15000,,
63,0,22000,,
70,1,72000,,
70,1,18000,,
67,0,,,
68,1,39000,,
67,1,45000,,
64,0,18000,,
65,0,17000,,
77,1,30000,,
71,1,10000,,
61,0,28000,,
61,0,10000,,
,0,,,
65,0,56000,,
,0,,,
,0,,,
74,1,14000,,
,1,,,
73,1,27000,,
83,1,64000,,
63,0,24000,,
71,1,38000,,
73,1,28000,,
63,0,20000,,
64,0,37000,,
,0,11840,,
65,0,53000,,
68,0,34000,,
66,0,26000,,
73,1,,,
67,0,,,
66,1,8000,,
73,1,30000,,
75,1,121993,,
71,1,60000,,
65,0,7000,,
65,0,18000,,
77,1,32500,,
69,1,25000,,
66,0,18000,,
,0,,,
68,1,7000,,
68,1,,,
69,1,,,
61,0,27000,,
66,0,42000,,
,0,,,
,0,,,
61,0,,,
66,0,8000,,
70,1,25000,,
76,1,,,
68,0,21642,,
,1,35000,,
71,0,,,
67,0,30520,,
81,1,33000,,
73,1,,,
66,0,,,
67,0,35000,,
,0,,,
68,0,,,
,1,,,
,0,,,
62,0,,,
,1,,,
,1,,,
,0,,,
,1,,,
71,0,,,
62,0,,,
63,0,28000,,
,1,25000,,
74,1,15000,,
70,1,36000,,
63,0,15000,,
,1,1900,,
,0,,,
,1,,,
63,0,5000,,
,0,,,
,0,,,
62,0,3000,,
68,0,,,
65,0,52000,,
64,0,35000,,
64,0,24000,,
,0,80000,,
61,0,7323,,
67,1,,,
66,0,,,
64,0,45000,,
66,0,,,
70,1,39000,,
70,1,24000,,
,0,,,
,0,,,
74,1,35000,,
66,0,26000,,
67,0,,,
,1,,,
70,1,700,,
71,0,,,
70,1,13000,,
61,0,,,
,1,32800,,
66,1,56000,,
61,0,,,
63,0,35000,,
75,1,,,
,1,100,,
66,1,,,
,0,,,
62,0,40000,,
,1,,,
,1,,,
77,1,,,
71,1,16000,,
,1,,,
65,1,1000,,
61,0,,,
62,0,32000,,
,0,,,
68,1,10000,,
,1,,,
65,1,30000,,
68,1,5000,,
69,1,25500,,
61,0,10500,,
,1,69000,,
64,0,36500,,
,1,,,
68,0,15000,,
,1,,,
76,1,52000,,
,0,,,
,1,,,
62,0,,,
,1,,,
,1,,,
,1,,,
71,1,,,
,1,,,
69,1,60000,,
,1,,,
63,0,30000,,
,0,,,
75,1,27000,,
63,0,14000,,
68,1,,,
70,1,30000,,
66,1,,,
65,0,,,
71,1,55000,,
65,1,,,
64,0,22000,,
62,0,34000,,
64,0,27000,,
76,1,34000,,
69,1,42000,,
,1,,,
,1,,,
,1,,,
,1,,,
75,1,20000,,
70,0,40000,,
71,1,,,
67,0,300,,
77,1,45000,,
74,1,40000,,
61,0,,,
,0,,,
,0,,,
71,1,30000,,
67,1,20000,,
62,0,17000,,
66,0,22000,,
63,0,,,
62,0,,,
63,0,24000,,
68,0,5000,,
73,1,24000,,
70,1,,,
62,0,,,
69,1,36000,,
,0,70000,,
63,0,20000,,
,0,,,
74,1,,,
67,0,73000,,
,1,18000,,
,0,,,
69,1,,,
71,1,,,
73,1,30000,,
,0,,,
65,0,23000,,
68,1,40000,,
69,1,6000,,
,0,,,
73,1,43500,,
64,0,,,
71,1,,,
66,1,7500,,
62,0,,,
69,0,,,
,1,,,
70,1,26000,,
74,1,1300,,
,0,,,
,1,,,
73,1,20000,,
,1,,,
65,0,,,
,1,,,
,1,28000,,
,1,,,
,0,,,
,1,,,
68,1,9000,,
73,1,35000,,
68,1,,,
75,1,25000,,
70,1,15000,,
74,1,,,
67,0,18000,,
68,1,30000,,
,1,,,
67,0,10000,,
66,0,32000,,
65,0,5000,,
67,1,,,
64,0,30000,,
,1,11000,,
61,0,35000,,
73,1,121993,,
75,1,,,
73,1,49500,,
74,1,46000,,
,1,,,
68,0,,,
63,0,14000,,
,1,,,
,0,,,
,1,,,
68,0,5400,,
,1,,,
67,1,25000,,
64,0,30100,,
71,0,24000,,
70,0,47500,,
68,1,25000,,
66,0,39000,,
,0,,,
71,1,25000,,
61,0,,,
,0,,,
63,0,20000,,
70,1,54000,,
71,1,38000,,
63,0,24000,,
61,0,,,
,1,,,
,1,,,
65,0,28000,,
64,0,35000,,
67,0,60000,,
70,1,6000,,
66,0,6400,,
66,0,17000,,
71,1,43000,,
67,0,,,
,0,16000,,
67,0,17000,,
64,0,42000,,
75,1,50000,,
62,1,16500,,
,1,,,
,1,5000,,
71,1,35000,,
64,0,17000,,
67,1,75000,,
68,0,30000,,
65,0,8000,,
65,0,5000,,
68,1,24000,,
73,1,38000,,
,1,,,
64,0,40000,,
62,0,15000,,
61,0,15000,,
,1,,,
67,0,35000,,
,0,,,
63,0,36000,,
66,0,,,
68,1,55000,,
62,0,,,
69,1,18000,,
71,1,35000,,
71,1,10000,,
70,1,18000,,
74,1,54000,,
65,0,6000,,
,1,,,
,0,,,
67,1,31276,,
73,1,,,
63,1,19700,,
65,0,20000,,
67,0,50000,,
73,1,16000,,
,1,45000,,
,0,,,
65,0,35500,,
69,1,14540,,
70,0,,,
78,1,38000,,
,1,,,
70,1,53000,,
69,1,37000,,
61,0,,,
64,0,42000,,
73,1,22000,,
,0,,,
,1,,,
62,0,10000,,
69,1,121993,,
68,0,24000,,
64,0,2700,,
68,0,25000,,
73,1,34778,,
,1,72000,,
,1,40000,,
76,1,64000,,
,1,,,
69,0,36000,,
70,1,36000,,
69,1,20000,,
63,0,11000,,
,1,56000,,
75,1,25000,,
66,0,62000,,
66,0,,,
73,1,5000,,
71,1,13000,,
71,1,19000,,
75,1,32500,,
64,0,16000,,
67,1,40000,,
,1,20000,,
68,1,,,
,1,,,
,1,,,
,1,,,
,0,,,
,1,,,
68,1,10000,,
63,0,27000,,
67,0,45000,,
65,0,,,
59,0,,,
82,1,35000,,
76,1,45000,,
69,1,15000,,
69,1,40000,,
64,0,28000,,
64,0,,,
62,0,,,
65,0,,,
67,1,27040,,
70,1,21492,,
70,0,100,,
73,1,25000,,
75,1,,,
69,0,36000,,
63,0,32000,,
75,1,40000,,
,1,,,
66,1,18000,,
,1,,,
69,1,50000,,
68,0,,,
74,1,38000,,
,1,25000,,
,1,,,
61,0,13000,,
76,1,40000,,
74,1,75000,,
70,1,,,
70,0,47000,,
75,1,30000,,
73,1,27000,,
67,0,5500,,
75,1,,,
65,0,22000,,
68,1,50000,,
,0,,,
74,1,32000,,
,1,,,
,1,,,
63,0,26000,,
,0,,,
67,0,42500,,
66,0,20000,,
73,1,55000,,
,0,12000,,
,0,32000,,
70,0,40000,,
74,1,30000,,
67,0,19000,,
62,0,2000,,
67,0,50000,,
74,1,32000,,
67,1,41000,,
73,1,,,
,1,48000,,
66,0,30000,,
,1,,,
67,0,26000,,
62,0,17000,,
,0,,,
61,0,35000,,
,1,26000,,
62,0,14865,,
65,0,50000,,
,1,,,
,0,,,
63,0,,,
70,1,15000,,
,0,,,
70,0,121993,,
,0,,,
,1,,,
66,0,45000,,
74,1,64000,,
74,1,,,
69,0,,,
62,0,31000,,
69,1,72000,,
70,1,63000,,
64,0,25000,,
66,0,20000,,
,1,,,
71,1,12000,,
63,0,14000,,
66,0,,,
71,1,1000,,
71,0,13000,,
66,1,,,
,1,,,
62,1,450,,
,0,,,
63,0,10000,,
68,1,10000,,
63,0,42000,,
64,0,15000,,
74,1,4000,,
71,1,78000,,
74,1,45000,,
62,0,25000,,
73,1,21000,,
,1,18000,,
68,0,29000,,
69,1,55000,,
62,0,20000,,
73,1,8000,,
64,0,,,
,1,,,
70,0,20000,,
66,0,21000,,
62,0,16000,,
63,0,7000,,
,1,15000,,
70,0,,,
62,0,50000,,
,1,,,
68,0,14000,,
,0,,,
66,0,46000,,
69,0,,,
65,0,,,
62,0,,,
64,0,17000,,
65,0,18000,,
59,0,121993,,
70,1,38000,,
,1,,,
,1,,,
68,1,13500,,
67,0,,,
61,0,,,
65,0,,,
67,0,32000,,
64,0,10000,,
,1,16500,,
69,0,45000,,
65,0,20000,,
70,1,15000,,
,0,,,
69,1,24000,,
,1,,,
76,1,30000,,
70,0,20000,,
73,1,25000,,
70,1,5000,,
,0,,,
,0,,,
75,1,58000,,
67,0,14000,,
65,0,5000,,
,1,30000,,
73,1,30000,,
69,1,13000,,
62,0,27000,,
,1,21000,,
78,1,55000,,
75,1,40000,,
69,0,55000,,
,0,,,
,0,,,
61,0,,,
,0,,,
73,1,13000,,
61,0,28500,,
,1,11000,,
63,0,25000,,
67,1,19000,,
71,1,25000,,
76,1,60000,,
67,0,35000,,
75,1,,,
67,1,8000,,
68,0,2200,,
67,0,300,,
67,1,11309,,
,1,,,
63,0,,,
68,0,,,
66,0,13000,,
,0,12000,,
,1,,,
,1,34000,,
75,1,,,
,0,,,
64,0,32000,,
,1,,,
70,1,,,
,0,,,
65,0,,,
66,0,32000,,
,1,,,
71,1,,,
73,1,3800,,
65,0,28000,,
61,0,22000,,
,1,,,
73,1,34500,,
63,0,10000,,
65,0,,,
70,0,2000,,
67,0,,,
64,0,25000,,
69,1,37000,,
66,1,24000,,
65,0,,,
63,0,44000,,
75,1,121993,,
67,0,27376,,
67,1,2000,,
74,1,45000,,
61,0,,,
68,1,121993,,
,0,,,
,1,,,
71,1,24000,,
66,0,10000,,
70,1,,,
66,1,,,
64,0,25000,,
68,1,2500,,
,0,25000,,
74,1,20000,,
76,1,24000,,
,0,,,
,1,24000,,
,1,,,
63,0,,,
63,0,,,
74,1,30000,,
63,0,,,
61,0,121993,,
71,1,65000,,
66,1,35000,,
70,1,30000,,
66,0,,,
,1,45000,,
68,0,12000,,
,1,25000,,
,0,,,
64,0,50000,,
76,1,,,
67,0,,,
62,0,30000,,
68,1,45000,,
67,0,35000,,
67,0,41000,,
67,0,36000,,
,1,,,
74,1,11000,,
67,0,34000,,
,1,29000,,
67,1,46000,,
,0,,,
,1,,,
,1,,,
75,1,60000,,
,0,,,
,0,,,
,0,,,
,1,,,
,1,45000,,
64,0,76000,,
65,0,60000,,
,1,,,
,0,,,
,1,,,
76,1,,,
,1,41500,,
,1,,,
76,1,35000,,
70,1,,,
76,1,60000,,
69,0,40000,,
,1,,,
65,0,42000,,
65,1,32000,,
65,1,45000,,
,1,,,
61,0,36000,,
65,0,26500,,
69,1,60000,,
71,1,40000,,
66,0,,,
67,0,40000,,
67,0,,,
,0,,,
67,0,,,
71,1,30000,,
62,0,30000,,
73,1,,,
64,0,40000,,
69,0,,,
74,1,5000,,
61,0,25000,,
69,0,27600,,
64,0,26000,,
64,0,45000,,
64,0,26000,,
67,1,45000,,
67,1,25000,,
65,0,40000,,
69,1,15000,,
66,0,37000,,
,0,,,
,1,,,
71,1,40000,,
65,0,18000,,
63,0,,,
62,0,1000,,
67,0,48000,,
,0,,,
66,0,58000,,
65,0,11000,,
,1,,,
73,1,5000,,
71,1,21000,,
69,1,32000,,
62,0,,,
,0,,,
69,1,,,
59,1,,,
66,0,55000,,
63,0,20000,,
62,0,20000,,
64,0,,,
61,0,32000,,
68,1,10000,,
67,1,,,
,1,,,
75,1,33000,,
,1,23000,,
70,1,25000,,
,0,,,
,0,,,
74,1,34000,,
62,0,500,,
74,1,,,
76,1,,,
76,1,70000,,
74,1,18000,,
62,0,6600,,
66,0,25000,,
64,0,121993,,
62,0,41000,,
69,1,40000,,
,1,,,
73,1,7500,,
69,1,30000,,
74,1,73000,,
75,1,32000,,
62,0,39000,,
73,1,,,
,1,,,
71,1,30000,,
,1,,,
69,0,35000,,
73,1,28000,,
68,0,5000,,
66,0,,,
,0,,,
,0,,,
67,0,,,
69,1,,,
71,0,30000,,
63,0,16000,,
,1,32000,,
71,1,80000,,
,1,,,
67,0,,,
70,0,30000,,
,0,,,
,1,,,
66,0,10000,,
,1,,,
66,0,,,
75,1,,,
68,1,12000,,
68,0,3000,,
65,0,41000,,
,1,,,
,1,,,
62,0,,,
73,1,30000,,
,0,10000,,
66,0,20000,,
64,1,,,
63,0,11000,,
66,0,,,
75,1,,,
,1,200,,
66,0,,,
71,1,,,
65,0,20000,,
70,1,,,
71,1,13000,,
71,1,24000,,
,1,,,
64,0,21175,,
,1,80000,,
68,1,38000,,
57,0,13000,,
64,0,21000,,
,1,,,
65,0,,,
73,1,65000,,
65,0,0,,
64,0,50000,,
71,1,70000,,
68,0,,,
69,1,52000,,
63,0,,,
68,0,,,
71,1,,,
69,0,,,
66,0,31000,,
68,0,23000,,
64,0,32100,,
67,1,52000,,
70,1,50000,,
64,0,,,
64,0,2000,,
67,0,20000,,
73,1,12188,,
74,1,22000,,
71,1,35000,,
73,1,14000,,
,1,,,
75,0,42000,,
83,1,40000,,
67,0,44000,,
,1,,,
68,0,35000,,
66,0,9500,,
74,1,2600,,
62,0,,,
71,1,26500,,
,1,,,
68,1,16000,,
,1,,,
74,1,25000,,
69,0,45000,,
67,0,,,
75,1,33000,,
,1,35000,,
71,1,41000,,
65,0,2450,,
,0,,,
69,1,28000,,
,1,50000,,
76,1,10000,,
70,1,20000,,
69,1,28000,,
65,1,34000,,
74,1,17000,,
,0,,,
67,0,40000,,
62,0,30000,,
,0,7000,,
65,0,39000,,
,1,,,
64,0,38000,,
70,1,58000,,
69,0,36000,,
,1,25000,,
62,0,20000,,
63,0,65000,,
67,1,56041,,
70,0,30000,,
69,1,2000,,
64,0,7561,,
,1,,,
70,1,40000,,
64,0,3600,,
69,0,35000,,
62,0,45000,,
,0,,,
66,0,21000,,
65,0,47000,,
70,1,12000,,
61,0,28000,,
63,0,7000,,
70,1,31000,,
,1,29000,,
67,0,32500,,
,1,,,
74,1,,,
63,0,12800,,
69,0,27000,,
76,1,,,
,1,,,
63,0,16500,,
,0,,,
,0,,,
65,0,61500,,
,0,,,
,1,,,
67,0,20000,,
77,1,40000,,
65,0,20000,,
69,1,,,
,1,55000,,
71,1,6000,,
69,1,15000,,
63,0,,,
71,1,15000,,
,1,20000,,
66,0,25000,,
64,0,40000,,
,1,,,
,1,,,
70,0,,,
,1,,,
65,0,30000,,
,0,,,
68,1,24000,,
65,1,30000,,
,0,29000,,
61,0,36000,,
63,0,36000,,
,1,,,
63,0,30000,,
,1,,,
67,1,30000,,
61,0,1200,,
,1,30000,,
70,1,43000,,
70,1,40000,,
,0,27000,,
69,1,28800,,
67,1,,,
67,1,,,
68,1,,,
71,1,,,
64,1,,,
53,0,,,
73,1,2400,,
77,1,4000,,
,1,,,
,1,,,
,1,,,
,0,1200,,
,0,,,
69,1,40000,,
,1,,,
,1,,,
69,1,40000,,
66,0,,,
,1,,,
66,1,45000,,
61,0,,,
71,1,,,
,1,,,
,0,,,
77,1,44000,,
,1,,,
70,1,9000,,
66,0,24000,,
67,0,,,
68,1,,,
68,1,,,
64,0,40000,,
64,0,45000,,
70,1,35000,,
65,1,,,
,1,45000,,
74,1,0,,
66,1,41000,,
63,0,,,
62,0,,,
68,1,9000,,
64,0,,,
,1,,,
68,1,35000,,
64,0,15000,,
64,1,35000,,
64,0,21000,,
,0,,,
70,1,15000,,
,0,,,
,0,,,
67,1,40000,,
67,1,,,
,0,,,
64,0,,,
66,0,,,
,1,,,
,1,,,
67,1,25000,,
65,0,27000,,
,0,,,
59,0,50000,,
65,0,,,
68,1,30000,,
69,1,15000,,
62,0,5000,,
61,0,22000,,
63,0,12000,,
71,1,15000,,
,0,,,
,1,38000,,
,0,,,
75,1,38000,,
68,1,121993,,
69,1,37000,,
68,0,22000,,
66,0,21000,,
73,1,15000,,
64,0,10000,,
63,0,33000,,
74,1,37000,,
74,1,,,
69,1,,,
,1,50000,,
,0,,,
63,0,55000,,
,1,,,
65,1,48000,,
64,0,27000,,
67,0,20000,,
69,0,,,
64,0,24000,,
,1,,,
62,0,1000,,
62,0,52000,,
,1,,,
62,0,,,
64,0,35000,,
74,1,500,,
74,1,33000,,
70,0,19000,,
65,0,29500,,
70,0,25000,,
68,0,40000,,
,1,,,
64,0,8000,,
67,1,24000,,
66,0,,,
69,1,26000,,
68,1,50000,,
63,0,,,
73,1,121993,,
69,1,25000,,
,0,,,
59,0,400,,
65,0,11000,,
66,0,13000,,
70,1,,,
69,1,36000,,
70,1,,,
63,0,33000,,
,1,45000,,
,1,36500,,
67,0,32000,,
65,0,26500,,
68,0,,,
74,1,45000,,
59,0,,,
64,0,,,
,1,,,
,1,,,
63,0,20000,,
71,1,50000,,
,0,,,
,1,,,
66,0,17000,,
,1,16000,,
,1,,,
65,0,55000,,
,1,,,
71,0,,,
74,1,40000,,
67,1,6000,,
,1,,,
,1,,,
,1,,,
,1,9000,,
,0,,,
67,0,43000,,
,1,19000,,
67,0,,,
75,1,,,
,0,5000,,
,0,,,
71,1,45000,,
63,0,,,
69,0,,,
,1,1500,,
71,1,48000,,
63,0,23000,,
,1,24000,,
,0,,,
69,1,15000,,
70,1,36000,,
62,0,5000,,
70,1,55000,,
67,1,45000,,
67,0,,,
63,0,10000,,
61,0,,,
64,0,20000,,
66,0,,,
69,0,300,,
,0,14000,,
62,0,19000,,
71,1,,,
74,1,25000,,
65,0,,,
69,1,18000,,
62,0,,,
68,1,37000,,
66,0,34000,,
66,0,16000,,
,1,,,
68,1,32000,,
70,1,30000,,
66,0,6000,,
63,0,40000,,
,1,,,
59,1,5000,,
63,0,17000,,
65,0,20000,,
66,0,20000,,
70,1,35000,,
70,1,50000,,
68,0,1000,,
65,0,15000,,
69,1,16000,,
75,1,46000,,
70,1,,,
,1,24000,,
73,1,65000,,
,0,26000,,
,1,15000,,
61,0,27504,,
61,0,,,
75,1,21582,,
73,1,,,
66,1,,,
69,1,32000,,
,0,,,
62,0,9000,,
70,1,47000,,
67,0,12000,,
,0,40000,,
67,0,26000,,
62,0,20000,,
64,0,14082,,
62,0,,,
61,0,4000,,
74,1,35000,,
,1,,,
,0,,,
63,0,28000,,
,0,,,
69,1,11000,,
69,1,2500,,
71,1,20000,,
69,0,,,
70,1,25000,,
75,1,42000,,
,1,20000,,
70,0,30000,,
,1,14000,,
73,0,27000,,
64,1,,,
65,0,62000,,
70,1,30000,,
69,1,,,
67,0,38000,,
,0,,,
68,1,13000,,
65,1,21000,,
,0,,,
68,1,40000,,
69,1,22500,,
63,0,52000,,
,1,,,
65,0,,,
67,0,65000,,
65,0,,,
,1,,,
,1,52000,,
74,1,28000,,
66,0,,,
64,0,33000,,
,0,,,
68,1,14394,,
69,0,2000,,
76,1,40000,,
68,0,,,
61,0,,,
65,0,13000,,
,1,,,
80,1,31000,,
66,0,30000,,
68,1,30000,,
,1,,,
66,0,13000,,
64,0,10000,,
67,1,,,
64,0,,,
68,1,,,
,0,,,
,0,,,
,0,,,
73,0,,,
,0,,,
69,1,20000,,
,0,,,
,1,,,
64,0,40000,,
,0,,,
63,0,,,
,0,20000,,
70,1,23000,,
65,0,25000,,
67,1,12000,,
67,0,2500,,
62,0,,,
65,0,,,
,1,,,
62,0,15000,,
71,1,10000,,
63,0,,,
74,1,,,
73,1,25000,,
,0,,,
,1,1200,,
74,1,37000,,
69,1,18000,,
64,0,28800,,
,1,,,
64,0,,,
64,0,26000,,
69,1,20000,,
69,1,70000,,
69,1,,,
,1,,,
75,1,11000,,
,1,,,
70,1,,,
,0,,,
67,0,20000,,
,0,,,
66,0,12000,,
67,1,33000,,
63,0,,,
,1,20000,,
69,0,,,
,0,17000,,
68,0,,,
67,0,45000,,
73,1,17000,,
,0,,,
63,0,121993,,
66,0,0,,
,0,,,
64,0,21000,,
73,1,30000,,
70,1,27000,,
66,0,25750,,
67,0,15000,,
66,0,1200,,
66,0,26000,,
73,1,46000,,
70,1,,,
74,1,75000,,
67,0,121993,,
,0,,,
,1,17000,,
65,0,18900,,
69,1,26000,,
71,1,30000,,
69,1,15000,,
68,1,,,
69,1,0,,
,1,,,
,0,,,
65,0,40000,,
70,1,,,
69,1,50000,,
69,1,42000,,
67,1,32000,,
70,1,43000,,
71,1,30000,,
69,1,15000,,
69,1,58000,,
76,1,33000,,
69,0,8200,,
76,1,80000,,
70,0,,,
,1,20000,,
68,1,19000,,
64,0,,,
74,1,45000,,
68,0,14000,,
,0,,,
,0,,,
66,0,,,
70,1,30000,,
69,0,20000,,
,0,,,
65,0,28000,,
67,1,,,
65,0,30000,,
63,0,,,
65,0,,,
64,1,39000,,
69,1,62000,,
,1,50000,,
63,0,3000,,
,1,,,
68,0,,,
,0,6000,,
,0,,,
71,1,38000,,
71,1,45000,,
65,0,25000,,
64,0,41000,,
70,1,26000,,
65,0,5200,,
,1,,,
,1,,,
70,1,40000,,
67,0,,,
63,0,11336,,
68,1,28000,,
64,0,22000,,
62,1,35000,,
71,1,30000,,
64,0,45000,,
62,0,26000,,
76,1,58000,,
69,0,4800,,
,1,,,
66,1,40000,,
62,0,3200,,
73,1,26000,,
,0,2175,,
64,0,,,
66,0,31000,,
,1,23000,,
,1,78500,,
71,1,,,
,1,33000,,
68,0,30000,,
,1,,,
64,0,1000,,
,1,,,
66,0,25000,,
67,1,42000,,
73,1,36000,,
65,0,8000,,
61,0,,,
61,0,28000,,
,1,16000,,
66,0,121993,,
69,1,30000,,
68,1,26000,,
62,0,55000,,
64,0,17000,,
,0,,,
73,1,22000,,
,1,18000,,
71,1,70000,,
,1,51000,,
,0,,,
61,0,,,
66,0,13000,,
62,0,21000,,
64,0,16000,,
66,0,,,
63,0,30900,,
69,1,12000,,
,1,,,
75,1,55000,,
70,0,41000,,
65,0,45000,,
71,1,52000,,
74,1,,,
,0,,,
65,0,37000,,
64,0,30000,,
67,0,,,
,1,,,
,1,,,
,1,20000,,
,1,31000,,
74,1,30000,,
64,0,,,
,1,,,
,1,,,
,0,,,
63,0,27500,,
66,0,16000,,
64,0,,,
64,0,25000,,
73,1,,,
65,1,43000,,
68,1,15000,,
62,0,,,
,1,28000,,
64,0,3600,,
68,1,,,
66,1,22200,,
65,0,,,
71,1,12000,,
71,1,26000,,
63,0,,,
73,1,20000,,
67,0,70000,,
75,1,24000,,
,1,,,
69,0,14000,,
63,0,121993,,
62,0,27000,,
62,0,,,
71,1,,,
66,0,25000,,
62,0,30000,,
68,1,10000,,
64,0,18000,,
71,1,,,
69,0,38000,,
64,0,30000,,
68,0,16000,,
65,0,5000,,
68,1,63000,,
73,1,44000,,
,0,,,
,1,,,
77,1,20000,,
73,1,50000,,
,1,,,
71,1,25000,,
,0,,,
75,1,55377,,
61,0,60000,,
,1,75000,,
,1,8000,,
,1,24000,,
69,0,1200,,
,0,,,
,1,36000,,
74,1,,,
61,0,,,
74,1,42000,,
63,0,45000,,
68,0,,,
68,1,55000,,
,1,,,
71,1,,,
63,0,,,
65,0,,,
79,1,,,
64,0,,,
69,0,2100,,
73,1,32000,,
67,1,,,
70,1,,,
66,0,21000,,
64,0,15000,,
70,1,30000,,
69,0,5000,,
66,0,34000,,
,1,,,
,1,,,
,1,,,
,1,,,
62,0,40000,,
74,1,23000,,
68,1,24000,,
68,0,45000,,
62,0,2000,,
,1,25000,,
,0,2000,,
69,1,45000,,
75,1,13000,,
64,0,23000,,
68,0,,,
70,1,60000,,
66,0,53000,,
74,1,37000,,
67,1,28000,,
66,0,,,
67,0,24960,,
70,1,27000,,
,1,5000,,
64,0,16000,,
67,1,38000,,
62,0,,,
64,0,31000,,
68,1,24000,,
62,0,16000,,
62,0,20000,,
70,1,24000,,
67,0,,,
62,0,63000,,
66,0,,,
,1,17000,,
66,1,26000,,
68,0,21000,,
,0,26000,,
,1,,,
65,1,,,
61,0,12000,,
71,1,,,
63,0,15000,,
,1,,,
,0,,,
,1,,,
,1,,,
62,0,33600,,
62,0,40000,,
68,0,24000,,
73,1,5000,,
62,0,40000,,
70,1,25000,,
69,1,25000,,
70,0,37000,,
64,0,,,
70,1,,,
,1,48000,,
77,1,35000,,
67,0,,,
70,1,5000,,
65,0,46000,,
62,0,20000,,
,0,,,
,1,,,
71,1,31200,,
62,0,,,
63,0,34000,,
64,0,300,,
,1,18000,,
64,0,,,
71,1,3300,,
64,1,80000,,
,0,24000,,
71,1,,,
63,0,,,
69,1,30000,,
62,0,,,
75,1,35000,,
65,1,18000,,
,1,45000,,
69,1,14000,,
75,1,34000,,
68,1,65000,,
,0,,,
61,0,7000,,
64,0,50000,,
,1,,,
69,1,30000,,
64,0,8736,,
,1,,,
,1,,,
75,1,60000,,
76,1,4000,,
66,0,70000,,
63,0,35000,,
66,0,20000,,
,1,35000,,
67,1,27000,,
,1,6000,,
70,0,9000,,
75,1,32000,,
67,1,24000,,
66,0,28000,,
70,1,14000,,
,1,,,
69,0,44000,,
75,1,13000,,
71,1,48000,,
74,1,69000,,
64,0,61250,,
61,0,3600,,
73,1,50000,,
76,1,4000,,
,0,,,
,1,,,
62,0,,,
64,0,33000,,
69,1,48000,,
,0,,,
67,1,25000,,
61,0,,,
65,0,2500,,
70,1,,,
71,1,27000,,
69,1,5000,,
67,1,22000,,
62,0,26000,,
61,0,,,
65,0,18000,,
74,1,16000,,
65,0,,,
62,0,,,
,1,,,
65,1,,,
69,1,,,
68,1,4000,,
62,0,,,
,0,,,
73,1,27000,,
,0,,,
74,1,42000,,
68,1,35000,,
66,0,,,
70,1,4000,,
,1,,,
,0,,,
71,1,28000,,
61,0,30000,,
,0,,,
73,1,24000,,
69,0,,,
,1,,,
61,0,40000,,
75,1,,,
,1,,,
61,0,,,
,1,,,
66,0,15000,,
65,0,2500,,
76,1,68000,,
62,0,,,
,1,20000,,
,0,,,
65,0,,,
,1,,,
62,0,,,
71,1,22000,,
,0,,,
,1,30000,,
66,0,22000,,
67,0,,,
,1,,,
,1,,,
66,0,,,
,1,22000,,
69,1,17000,,
68,1,15000,,
66,0,56800,,
,0,32000,,
67,0,17698,,
61,0,46000,,
,0,8000,,
63,0,26000,,
62,0,10000,,
61,0,33000,,
,0,,,
66,1,15000,,
66,0,,,
65,0,29000,,
67,0,27000,,
67,1,14000,,
70,1,22000,,
66,0,30000,,
,1,,,
,0,,,
,1,,,
61,0,,,
,1,,,
,1,,,
68,1,15000,,
62,0,9000,,
74,1,16000,,
,1,,,
64,0,17500,,
,0,,,
56,0,,,
55,0,,,
61,0,8000,,
67,1,,,
70,1,27000,,
67,0,36000,,
63,0,37000,,
63,0,33000,,
69,1,,,
69,1,,,
65,1,12000,,
,0,,,
,1,,,
66,0,40000,,
,1,55000,,
68,0,,,
,0,,,
65,0,55000,,
69,1,19000,,
69,0,,,
71,1,,,
67,0,20000,,
,1,,,
70,1,38000,,
67,0,10000,,
68,0,43000,,
68,0,,,
,1,,,
,1,,,
76,1,13000,,
70,0,49000,,
78,1,22000,,
68,1,,,
75,1,12000,,
68,0,25000,,
69,0,20000,,
67,0,35000,,
64,0,,,
,0,19000,,
75,1,45000,,
67,0,10500,,
63,0,25000,,
66,0,36000,,
,1,,,
70,1,28000,,
67,0,15000,,
64,0,,,
66,1,,,
71,1,49000,,
65,0,48900,,
68,0,16000,,
,1,,,
68,1,121993,,
70,1,67000,,
63,0,27000,,
74,1,20000,,
71,0,65000,,
,1,28000,,
68,1,40000,,
65,0,40000,,
74,1,37000,,
62,1,10000,,
68,1,6000,,
77,1,121993,,
69,1,10000,,
68,1,20000,,
67,0,17000,,
74,1,20000,,
67,0,40000,,
67,0,,,
,1,,,
69,1,28000,,
,0,,,
,1,,,
65,0,,,
68,1,70000,,
65,0,,,
67,0,45000,,
64,0,27600,,
,1,,,
,0,,,
64,0,35000,,
67,1,40000,,
64,0,35000,,
69,1,,,
,0,41000,,
66,1,36000,,
66,0,35000,,
67,1,42000,,
71,1,23000,,
73,1,26000,,
68,1,40000,,
,1,,,
67,1,,,
65,0,23000,,
67,0,3000,,
67,1,22000,,
65,0,17000,,
70,1,,,
74,1,65000,,
61,0,33000,,
69,1,37000,,
69,0,26000,,
63,0,,,
68,1,34000,,
69,1,44000,,
62,0,26,,
74,1,0,,
67,0,,,
73,1,25000,,
66,1,39000,,
,0,16000,,
75,1,50000,,
69,1,15000,,
,1,,,
66,0,8500,,
71,1,32000,,
63,0,19000,,
68,1,24000,,
66,0,,,
65,1,,,
71,1,37000,,
,1,,,
,1,,,
66,0,72000,,
,1,,,
74,1,,,
,1,,,
68,0,37000,,
67,1,121993,,
64,0,13000,,
61,0,34000,,
70,1,34000,,
,1,,,
,1,,,
70,1,60000,,
66,0,,,
,1,,,
65,0,24000,,
69,0,,,
71,1,18800,,
67,0,17000,,
73,1,10000,,
64,0,20000,,
74,1,10000,,
66,0,21000,,
79,1,52000,,
64,0,45000,,
69,0,,,
,1,,,
71,1,,,
67,1,38000,,
73,1,40000,,
70,1,30000,,
63,0,29000,,
66,0,51000,,
63,0,30000,,
75,1,55000,,
,0,,,
69,0,42000,,
62,0,5000,,
68,1,27000,,
68,0,30000,,
68,0,28000,,
,0,23680,,
62,0,80000,,
65,0,12000,,
68,0,,,
71,1,30000,,
,0,,,
69,1,38000,,
,0,,,
,0,,,
,1,,,
68,0,28000,,
,1,,,
,1,,,
68,1,,,
,1,8000,,
,1,,,
,1,,,
,0,37000,,
70,1,17000,,
70,1,30000,,
,0,,,
,0,28000,,
71,1,32000,,
61,0,80000,,
71,1,7500,,
67,0,,,
,0,,,
68,1,12000,,
,1,,,
,1,10000,,
64,0,24000,,
,1,,,
64,0,16000,,
77,1,20000,,
69,1,16000,,
69,0,22000,,
64,0,,,
,0,,,
67,1,20000,,
62,0,11000,,
63,0,24000,,
69,0,7000,,
74,1,121993,,
64,0,54000,,
71,1,48000,,
66,0,45000,,
,1,,,
,0,,,
70,1,40000,,
69,0,20000,,
62,0,18000,,
71,1,,,
,0,,,
63,0,8100,,
61,0,34000,,
70,1,,,
,1,30000,,
70,1,52900,,
,1,48000,,
71,1,55000,,
65,0,28000,,
62,0,60000,,
65,0,21000,,
61,0,,,
,1,5000,,
75,1,50000,,
,1,,,
,1,,,
70,0,19000,,
70,1,,,
63,0,28000,,
76,1,,,
71,0,40000,,
68,1,7460,,
,1,,,
63,0,36000,,
62,0,11800,,
59,0,32000,,
71,1,20000,,
71,1,,,
67,1,48000,,
73,1,,,
71,1,28680,,
,1,,,
71,1,20000,,
70,1,48000,,
,1,,,
,1,65000,,
69,1,25000,,
62,0,29000,,
62,0,,,
69,0,12100,,
,0,,,
67,0,24000,,
,0,,,
,1,,,
75,1,32500,,
65,0,1300,,
67,0,48000,,
67,0,,,
61,0,8640,,
,1,,,
69,1,23000,,
68,1,40000,,
,0,,,
70,1,47000,,
62,0,32000,,
67,1,,,
68,1,,,
61,0,17000,,
67,1,22000,,
76,1,50000,,
,0,8000,,
62,0,40000,,
66,0,,,
64,0,30000,,
62,0,,,
66,0,20000,,
68,0,,,
61,0,,,
62,0,,,
67,1,,,
73,1,6000,,
71,1,,,
76,1,,,
67,0,26000,,
,0,,,
64,0,36000,,
64,0,45000,,
66,0,17000,,
63,0,80000,,
61,0,10000,,
69,1,5700,,
69,1,30000,,
74,1,15000,,
70,1,16000,,
64,0,6500,,
64,0,19000,,
61,0,,,
62,0,3500,,
65,0,22000,,
,0,,,
68,0,24000,,
,1,22000,,
,1,,,
,1,,,
,0,,,
71,1,72000,,
68,0,65000,,
,0,,,
68,0,,,
73,1,9000,,
68,1,54000,,
64,0,500,,
70,1,20000,,
70,1,,,
66,0,,,
59,0,6900,,
67,0,13000,,
74,1,21000,,
65,0,,,
64,0,59990,,
67,0,28000,,
68,0,20000,,
66,0,22000,,
64,0,,,
74,1,,,
,0,,,
67,0,17000,,
,1,,,
67,0,32000,,
71,0,25000,,
65,0,48000,,
70,1,121993,,
66,0,75000,,
65,0,9000,,
71,1,35000,,
67,1,12000,,
68,1,8000,,
75,1,52000,,
,0,,,
66,0,49000,,
71,1,54000,,
65,0,3200,,
59,0,,,
70,1,67000,,
,1,,,
71,1,35000,,
,1,,,
59,0,37000,,
64,0,,,
,1,20000,,
70,1,45000,,
75,1,38000,,
69,1,15000,,
65,0,62000,,
67,0,27000,,
69,0,45000,,
,0,,,
64,0,43000,,
64,0,,,
,1,26000,,
65,0,,,
61,0,28000,,
,1,35000,,
69,1,10000,,
69,1,55000,,
66,1,33000,,
73,1,,,
69,0,23000,,
64,0,,,
69,1,121993,,
,0,,,
,0,,,
63,0,3000,,
63,0,17000,,
,1,41000,,
66,0,20000,,
70,1,12000,,
63,0,55000,,
83,0,26000,,
62,0,30000,,
61,1,,,
67,1,,,
70,1,50000,,
66,0,40011,,
65,0,13000,,
69,0,28000,,
64,0,24000,,
73,1,9000,,
69,1,28000,,
66,0,28000,,
74,1,,,
,1,,,
65,0,25000,,
,1,14000,,
,1,,,
65,0,,,
,0,20000,,
62,0,20000,,
68,1,4500,,
65,1,75000,,
66,1,45000,,
68,0,4000,,
66,0,47000,,
,1,,,
66,0,38000,,
71,1,26000,,
,0,,,
,0,,,
70,1,5000,,
62,0,3000,,
71,1,18000,,
66,0,25000,,
68,0,,,
74,1,27000,,
,1,37000,,
62,0,25000,,
61,0,29000,,
66,1,5000,,
70,1,60000,,
69,1,,,
69,1,60000,,
,0,,,
63,0,20000,,
,0,,,
,1,,,
,0,,,
,1,,,
71,1,75000,,
,0,50814,,
61,0,,,
69,1,10000,,
73,1,11000,,
70,1,29000,,
,1,41896,,
67,0,3500,,
62,1,,,
,1,,,
65,0,17000,,
65,0,45555,,
67,1,81000,,
,1,,,
69,0,25000,,
62,0,53000,,
64,0,37000,,
71,1,14000,,
67,1,32000,,
61,0,500,,
69,1,,,
70,1,60000,,
,1,56000,,
62,0,25000,,
,1,40000,,
67,0,45000,,
70,1,31383,,
,0,,,
65,0,13000,,
65,0,36500,,
64,0,14000,,
68,0,10750,,
,0,,,
61,0,25000,,
73,1,,,
63,0,32000,,
70,1,32000,,
,1,,,
67,0,,,
71,1,33500,,
62,0,,,
,0,,,
66,1,45000,,
74,1,28000,,
,0,30000,,
66,1,66000,,
63,0,12000,,
70,1,27000,,
67,0,40000,,
62,0,,,
63,0,13000,,
65,0,44000,,
65,0,13000,,
65,0,4800,,
65,0,12000,,
,0,,,
74,1,,,
75,1,40000,,
65,0,13400,,
71,1,22000,,
74,1,32000,,
,1,121993,,
,1,,,
71,1,24000,,
,1,,,
,0,,,
69,1,6000,,
63,0,26000,,
64,1,39000,,
69,1,68000,,
63,0,20000,,
63,0,41000,,
70,1,60000,,
67,0,,,
70,1,,,
66,0,6000,,
64,0,28000,,
,0,,,
71,1,70000,,
69,1,13000,,
71,1,,,
69,1,,,
,1,,,
71,1,39000,,
71,1,42000,,
71,1,20000,,
68,1,20000,,
65,0,,,
71,1,30000,,
66,0,20000,,
67,1,30000,,
68,1,45000,,
71,1,20000,,
73,1,40000,,
,1,,,
63,0,,,
,0,,,
,0,,,
71,0,33000,,
,1,45000,,
,1,,,
71,1,12000,,
73,1,33500,,
70,1,31000,,
,1,,,
,0,,,
70,1,50000,,
,0,,,
74,1,,,
68,1,5000,,
63,0,13000,,
,1,,,
73,1,36000,,
69,0,22000,,
70,1,50000,,
70,1,29000,,
66,0,18000,,
,1,,,
,1,,,
71,1,,,
69,1,33000,,
,0,,,
71,1,,,
75,1,50000,,
64,0,25000,,
69,1,,,
76,1,1320,,
69,0,32000,,
63,0,,,
,1,40000,,
62,0,,,
69,0,40000,,
62,0,3000,,
64,0,,,
65,0,65000,,
66,0,20000,,
,0,,,
69,1,3000,,
64,0,5000,,
65,0,30000,,
65,0,27000,,
67,0,27400,,
67,1,30000,,
70,1,,,
,1,29052,,
62,0,52000,,
65,0,,,
67,1,500,,
66,0,,,
73,1,,,
63,0,,,
63,0,16000,,
,1,,,
74,1,,,
71,0,30000,,
70,1,45000,,
73,1,35000,,
62,0,,,
,1,23000,,
73,1,,,
63,0,,,
,1,,,
65,0,,,
64,0,40000,,
,1,28000,,
64,0,35000,,
67,0,,,
,0,,,
,0,,,
,1,,,
62,0,37440,,
62,0,25000,,
71,1,,,
,0,,,
71,1,20000,,
63,0,,,
,1,,,
63,0,,,
,1,,,
71,0,18000,,
68,0,8000,,
66,0,,,
71,1,23500,,
67,0,22000,,
71,1,14000,,
,1,8000,,
66,1,28000,,
61,0,20000,,
62,0,,,
70,0,,,
63,0,15400,,
74,1,,,
75,1,20000,,
,0,,,
64,0,,,
71,1,15500,,
63,0,35000,,
66,0,23000,,
74,1,5000,,
68,0,,,
74,1,32000,,
,1,32000,,
70,1,25000,,
71,1,56300,,
67,0,,,
69,1,28000,,
74,1,36000,,
66,0,30000,,
67,1,,,
73,1,25000,,
,1,12000,,
62,0,,,
66,0,0,,
69,1,31000,,
,1,,,
67,0,,,
69,1,,,
75,1,9000,,
,0,,,
,1,,,
,0,12000,,
62,0,10000,,
,1,32000,,
63,0,15000,,
73,1,45000,,
71,1,31000,,
65,0,42000,,
76,1,380,,
73,1,40000,,
67,0,25000,,
,1,35000,,
71,1,30000,,
65,0,60000,,
,1,,,
,1,19000,,
66,1,,,
67,1,12000,,
,1,,,
70,1,9000,,
,1,,,
,0,56000,,
73,0,,,
74,1,28000,,
,1,50000,,
65,0,15000,,
66,0,11000,,
,1,,,
67,0,28000,,
71,1,20000,,
,1,20000,,
64,0,49000,,
63,0,3500,,
,1,,,
69,1,43000,,
,0,,,
,0,,,
69,1,40000,,
63,0,,,
64,0,31200,,
64,0,,,
67,1,33000,,
61,0,,,
,1,,,
,0,,,
63,0,,,
,1,30000,,
71,1,57000,,
67,0,,,
64,0,53000,,
63,0,28000,,
61,0,40000,,
64,0,600,,
,1,,,
,0,,,
,1,,,
75,1,16000,,
65,0,3000,,
74,1,4000,,
73,1,24000,,
,1,,,
70,1,24000,,
69,1,36000,,
73,1,30000,,
67,0,38000,,
,1,,,
64,0,7000,,
65,0,,,
69,0,,,
77,1,56000,,
74,1,49760,,
,0,,,
,1,,,
67,1,49379,,
,1,,,
,1,,,
65,0,25000,,
,1,,,
63,0,,,
68,0,9000,,
73,1,48000,,
61,0,35000,,
63,0,,,
,0,,,
66,0,12000,,
,1,,,
70,1,24000,,
75,1,40000,,
75,1,50000,,
69,1,29000,,
70,0,,,
68,0,,,
69,1,70000,,
66,0,,,
64,0,,,
74,1,6000,,
66,0,35000,,
69,1,55000,,
74,1,20000,,
66,0,45000,,
,1,,,
71,1,20000,,
,0,,,
71,1,35000,,
65,0,,,
,0,,,
71,1,24000,,
68,0,15000,,
77,1,16000,,
73,1,45000,,
74,1,20000,,
65,0,55000,,
69,1,31000,,
,0,,,
67,1,,,
77,1,16000,,
66,0,,,
,1,,,
73,1,65000,,
70,1,29000,,
71,0,3500,,
67,1,,,
,0,,,
71,1,60000,,
66,0,,,
75,1,45000,,
66,0,12000,,
64,0,10000,,
64,0,,,
,1,,,
62,0,20000,,
71,1,68000,,
70,1,42000,,
,0,,,
73,1,16000,,
67,1,50000,,
67,0,12000,,
67,0,25000,,
68,0,,,
69,1,30000,,
66,0,17000,,
68,0,25000,,
,1,20000,,
67,0,45000,,
67,0,20000,,
69,0,43000,,
71,0,48000,,
69,0,32000,,
,1,39323,,
,0,15000,,
75,1,25000,,
,0,,,
,1,45000,,
62,0,29000,,
67,0,25000,,
69,0,18000,,
69,0,35000,,
64,0,32000,,
63,0,,,
64,0,,,
73,1,,,
61,0,31000,,
75,1,20000,,
66,0,8000,,
,1,38000,,
68,1,6000,,
64,0,16000,,
63,0,,,
59,0,6500,,
70,1,30000,,
68,0,121993,,
71,1,44000,,
66,0,14000,,
78,1,121993,,
74,1,16000,,
70,1,55000,,
,0,,,
,1,,,
62,0,24000,,
63,0,8000,,
70,1,35000,,
69,0,30000,,
69,1,45000,,
65,0,,,
58,0,,,
74,1,50000,,
73,1,60000,,
63,0,15000,,
65,0,20000,,
70,1,,,
63,0,8000,,
71,1,6000,,
68,0,11000,,
62,0,50000,,
63,0,,,
,1,29000,,
70,1,20000,,
70,1,4000,,
,0,15003,,
67,1,10000,,
70,1,37000,,
69,1,18000,,
61,0,30000,,
,1,26000,,
,0,,,
,1,28000,,
73,1,40000,,
68,0,14000,,
63,0,,,
67,1,40000,,
78,1,47000,,
78,1,60000,,
73,0,,,
73,1,22000,,
65,0,,,
62,0,,,
64,0,33000,,
67,1,30000,,
69,0,58400,,
,1,26000,,
66,0,26000,,
63,0,14000,,
68,1,29000,,
65,0,35000,,
,1,,,
,0,,,
76,1,32000,,
67,0,,,
73,1,80000,,
74,1,54000,,
66,1,62000,,
64,0,50000,,
64,0,350,,
69,1,29000,,
74,1,53000,,
71,1,,,
64,0,10000,,
69,1,5400,,
,1,20000,,
65,1,10000,,
68,0,21000,,
63,0,11439,,
,0,,,
70,1,45000,,
63,0,,,
65,0,3000,,
67,0,35000,,
63,0,0,,
68,0,4500,,
,0,32000,,
67,0,,,
68,0,,,
74,1,25000,,
65,0,27248,,
64,0,4000,,
64,0,,,
71,1,12000,,
70,1,5200,,
68,0,38000,,
70,1,17000,,
70,1,20000,,
66,0,85,,
68,0,15000,,
,1,35000,,
71,1,121993,,
75,1,45000,,
59,0,12000,,
71,1,54000,,
,0,,,
67,0,9000,,
62,0,20000,,
,0,,,
71,1,4000,,
,1,28000,,
75,1,30000,,
64,0,8000,,
68,1,6000,,
61,0,,,
74,1,45000,,
,0,,,
,1,36000,,
73,1,22000,,
,1,,,
74,1,6000,,
70,0,20000,,
66,0,25000,,
,0,,,
71,1,13000,,
71,1,,,
59,0,4000,,
67,1,12000,,
64,0,,,
71,1,14000,,
64,1,22000,,
61,0,973,,
,0,,,
71,1,,,
66,0,15000,,
74,1,40000,,
69,1,10000,,
67,1,24000,,
67,1,35000,,
,0,,,
,1,37000,,
,1,35000,,
,1,58000,,
,1,,,
74,1,42000,,
70,1,,,
,0,30000,,
62,0,,,
69,1,38000,,
63,0,3000,,
68,1,36000,,
68,1,45000,,
61,1,,,
,0,,,
71,1,55000,,
67,0,10000,,
67,1,,,
62,0,22000,,
,1,,,
70,1,83980,,
67,0,16000,,
,1,60000,,
70,1,,,
,1,48000,,
,1,20000,,
,1,,,
64,0,9000,,
,1,26228,,
67,1,32000,,
65,0,32000,,
66,0,29000,,
69,1,67000,,
,1,,,
70,1,25000,,
,0,,,
64,0,9551,,
66,0,33000,,
62,0,40000,,
64,0,,,
70,1,30000,,
63,0,29000,,
,1,54000,,
67,0,67000,,
,1,,,
,1,,,
64,0,15000,,
,0,,,
66,0,,,
,1,,,
64,0,2500,,
62,0,,,
75,0,31500,,
68,0,,,
67,0,30000,,
,1,,,
73,1,30000,,
68,1,57000,,
65,1,28000,,
65,0,40000,,
64,0,25000,,
63,0,44100,,
70,0,12000,,
,0,,,
68,1,121993,,
64,0,30000,,
70,1,16000,,
64,0,,,
64,0,,,
,1,,,
63,0,35000,,
68,0,20000,,
68,1,38000,,
61,0,,,
62,0,26000,,
76,1,25000,,
,1,,,
67,1,45000,,
,1,121993,,
,0,,,
,1,,,
62,0,,,
68,1,33000,,
68,1,30000,,
,1,20000,,
70,1,25000,,
70,1,25000,,
66,1,28000,,
70,1,61200,,
,1,25000,,
,1,55000,,
70,1,50000,,
68,1,30000,,
59,0,30000,,
,1,,,
64,0,5000,,
70,1,45000,,
65,0,120,,
74,1,13000,,
67,1,28500,,
69,0,,,
68,0,35000,,
79,1,4500,,
64,0,21000,,
70,1,40000,,
69,0,,,
62,0,23000,,
67,1,10000,,
68,1,,,
66,0,5000,,
66,1,3000,,
71,1,25000,,
62,0,9800,,
,1,,,
67,0,,,
62,0,12700,,
64,0,5300,,
66,0,23070,,
64,0,,,
,0,36000,,
67,1,,,
62,0,7500,,
62,0,50000,,
74,1,46000,,
,0,,,
66,0,,,
67,0,28000,,
68,0,65000,,
,0,,,
63,0,11000,,
70,1,75729,,
62,0,35000,,
,1,40000,,
68,1,48000,,
69,0,22000,,
,1,30000,,
65,0,2000,,
,1,,,
,0,,,
68,0,20000,,
71,1,25000,,
73,1,1144,,
62,0,,,
69,1,,,
65,0,14000,,
65,0,3000,,
,1,38000,,
63,0,18000,,
71,1,21000,,
,1,,,
62,0,,,
74,1,35000,,
66,0,26000,,
65,0,,,
63,0,30000,,
66,0,20000,,
69,0,,,
65,0,26000,,
75,1,20000,,
,1,20000,,
65,1,9000,,
73,1,19500,,
,0,,,
,0,,,
69,1,28000,,
69,1,8000,,
,1,8214,,
73,1,,,
77,1,18000,,
77,1,18500,,
65,1,30000,,
,1,31000,,
73,1,35000,,
,1,,,
68,1,40000,,
63,0,20000,,
,0,,,
68,0,30000,,
74,1,43000,,
63,0,15000,,
62,0,35000,,
,1,14000,,
76,1,40000,,
68,0,,,
61,0,,,
70,1,38000,,
69,1,20000,,
,1,,,
71,1,16000,,
62,0,29000,,
75,1,51000,,
,1,39000,,
67,0,20000,,
66,0,25000,,
,1,25000,,
68,1,20000,,
80,1,25000,,
65,0,12000,,
68,1,30000,,
70,1,25000,,
69,0,36000,,
74,1,36000,,
73,1,45000,,
70,1,25000,,
69,1,,,
66,1,,,
,1,36000,,
64,0,15000,,
,0,,,
,1,,,
64,0,30000,,
63,0,6000,,
65,0,,,
62,0,,,
73,1,50000,,
64,0,17400,,
77,1,10000,,
70,1,38000,,
62,0,,,
67,0,52000,,
,0,35000,,
69,0,27456,,
,1,18000,,
63,0,40000,,
67,0,,,
74,1,60000,,
66,0,38000,,
,1,,,
65,0,,,
75,1,26000,,
,1,60000,,
64,0,60000,,
62,0,,,
65,0,10000,,
,1,40000,,
65,0,4000,,
,1,,,
,0,38000,,
64,0,29000,,
69,1,20000,,
74,1,40000,,
,1,,,
61,0,2000,,
73,1,60000,,
77,1,21000,,
63,0,,,
,1,,,
,1,,,
77,1,40000,,
63,0,,,
74,1,8500,,
61,0,2000,,
70,1,,,
74,1,,,
63,0,,,
74,1,20000,,
65,0,17000,,
,1,,,
68,0,,,
71,1,10000,,
,1,28000,,
67,0,20000,,
67,1,45000,,
63,0,13000,,
64,0,24000,,
70,1,22000,,
62,0,27500,,
,1,,,
,0,,,
66,0,,,
64,0,,,
66,0,15000,,
66,0,,,
61,0,25000,,
70,1,30000,,
,1,,,
62,0,26000,,
69,1,20000,,
87,1,22000,,
64,1,,,
,0,30000,,
60,0,29000,,
67,0,40000,,
,1,,,
,1,,,
,0,24000,,
65,0,20000,,
,1,30000,,
70,1,32000,,
,0,,,
65,0,24000,,
74,1,36636,,
64,0,36500,,
64,0,19000,,
68,0,24000,,
62,0,28000,,
66,0,4500,,
66,0,19500,,
70,1,,,
70,1,,,
65,1,,,
62,0,,,
,1,65000,,
67,0,,,
67,0,9000,,
76,1,6500,,
70,1,,,
66,0,,,
69,1,,,
62,0,,,
69,0,30000,,
64,0,,,
71,0,,,
71,0,,,
,1,,,
,0,,,
,0,,,
71,1,,,
67,1,18500,,
71,1,23000,,
69,0,48000,,
70,1,65000,,
,0,,,
,1,,,
,1,7000,,
64,0,56000,,
74,1,33000,,
,0,,,
,1,4000,,
64,0,2000,,
73,1,53000,,
64,0,12000,,
62,0,,,
,0,25000,,
64,0,0,,
75,1,50000,,
62,0,14000,,
71,1,21000,,
,0,,,
66,0,,,
69,1,24000,,
,1,,,
,0,,,
62,0,26000,,
73,1,,,
66,0,20000,,
,1,,,
,1,24000,,
63,0,,,
,1,8000,,
68,0,16000,,
67,1,,,
69,1,15000,,
67,0,,,
69,0,32000,,
65,0,15000,,
67,0,26000,,
66,1,,,
63,0,36000,,
,0,,,
67,0,,,
73,1,,,
66,0,,,
73,1,24000,,
76,1,11000,,
64,0,,,
66,0,20000,,
68,0,27000,,
64,0,13000,,
,1,,,
64,0,33000,,
64,1,39000,,
71,1,42000,,
64,0,37000,,
73,1,10000,,
90,0,,,
64,0,12000,,
,1,38000,,
74,1,16000,,
74,1,15000,,
59,0,,,
64,0,,,
,1,5000,,
68,0,,,
69,1,36000,,
69,1,10000,,
65,0,28000,,
63,0,121993,,
,0,,,
67,0,24000,,
69,1,,,
71,1,121993,,
70,1,60000,,
,0,,,
70,1,24000,,
71,1,20000,,
,0,,,
74,1,,,
,1,,,
73,1,70000,,
61,0,,,
63,0,,,
71,1,70000,,
69,1,,,
68,1,59000,,
63,0,,,
,1,28000,,
,1,,,
71,1,,,
69,0,17600,,
66,0,,,
66,0,26000,,
61,0,,,
69,1,20000,,
66,1,55000,,
,0,,,
67,0,,,
67,1,77000,,
63,0,,,
65,1,62000,,
65,0,49000,,
65,0,12000,,
65,1,,,
59,0,,,
65,1,3000,,
71,1,46000,,
62,0,,,
,1,70000,,
,1,,,
65,1,40000,,
,1,12000,,
66,0,14000,,
69,1,30000,,
64,0,25000,,
,1,43000,,
61,0,,,
59,0,10000,,
,1,,,
70,1,2500,,
77,1,,,
63,0,,,
68,1,25000,,
74,1,25000,,
,1,,,
,0,,,
65,0,,,
66,1,15000,,
63,0,,,
66,0,,,
68,0,22000,,
76,1,36000,,
64,0,,,
67,1,,,
,1,19000,,
,1,27000,,
62,0,2000,,
,0,20000,,
77,1,,,
64,0,1500,,
68,0,,,
,1,,,
63,0,,,
69,1,,,
71,1,25000,,
68,1,,,
71,0,22040,,
,0,2000,,
67,0,,,
,1,,,
71,0,,,
74,1,30000,,
67,0,30000,,
,1,,,
65,0,,,
,0,,,
67,1,30000,,
79,1,,,
67,0,3000,,
,1,40000,,
,0,,,
69,1,10000,,
69,0,,,
,1,,,
66,0,28000,,
71,1,60000,,
69,1,22000,,
62,0,35000,,
65,0,28000,,
66,1,,,
70,1,121993,,
63,0,1200,,
,0,18000,,
29,0,,,
65,0,12000,,
,1,,,
,1,5000,,
66,1,650,,
,1,,,
67,0,20000,,
67,1,,,
64,0,,,
66,0,30000,,
67,0,13000,,
66,0,14500,,
,1,40000,,
66,0,70000,,
67,0,,,
64,0,21000,,
68,1,75000,,
,1,,,
66,0,15000,,
,0,,,
69,0,21000,,
,1,,,
,1,15000,,
,1,50000,,
68,1,50000,,
,0,,,
66,0,24000,,
64,1,33000,,
,0,,,
,1,,,
61,0,,,
71,1,10000,,
,0,,,
63,0,23000,,
63,0,30000,,
63,0,150,,
68,0,25000,,
,1,,,
,1,,,
62,0,24000,,
66,0,15000,,
63,0,20000,,
,1,,,
,0,5000,,
66,0,13000,,
67,0,20000,,
66,0,40000,,
63,0,25000,,
61,0,,,
69,1,22000,,
69,0,20000,,
68,1,,,
,0,22000,,
65,0,18000,,
70,1,4000,,
65,0,,,
64,0,8000,,
62,0,10000,,
73,1,10000,,
,0,,,
65,0,,,
,1,,,
,1,35000,,
,1,,,
69,0,30000,,
63,0,35000,,
,0,,,
67,0,32000,,
,1,32500,,
65,0,16000,,
64,0,45000,,
65,0,,,
,0,,,
,1,,,
90,0,,,
71,1,,,
67,1,36000,,
71,1,121993,,
73,1,40000,,
75,1,60000,,
64,0,10000,,
,1,,,
74,1,,,
66,0,,,
66,0,,,
,0,,,
73,1,30000,,
73,1,40000,,
,0,,,
64,0,,,
,1,,,
70,1,9000,,
67,0,26000,,
63,0,20000,,
63,0,29000,,
69,1,0,,
73,1,27000,,
65,0,2000,,
63,0,25000,,
64,0,,,
62,0,27000,,
69,0,26000,,
,1,12000,,
,1,36000,,
64,0,40000,,
,1,34000,,
64,0,34000,,
,1,40000,,
67,1,40000,,
,1,,,
63,0,,,
68,1,15000,,
64,0,33000,,
,0,34000,,
66,1,13000,,
62,0,,,
73,1,33000,,
,1,,,
71,1,18000,,
73,1,24000,,
67,0,24000,,
66,0,32000,,
,1,,,
,0,,,
75,1,42000,,
70,1,25000,,
61,0,,,
63,0,,,
65,0,32000,,
65,0,35500,,
67,0,32000,,
67,1,,,
74,1,121993,,
69,0,32000,,
62,0,,,
67,0,30000,,
,0,,,
,1,32000,,
67,1,41000,,
73,1,,,
64,0,750,,
66,1,22000,,
67,0,,,
62,0,39000,,
70,1,21000,,
68,1,6000,,
64,0,,,
65,0,14800,,
70,0,,,
66,0,7000,,
67,1,0,,
67,0,,,
73,1,12000,,
77,1,,,
69,1,35000,,
71,1,48000,,
71,1,20000,,
70,1,28331,,
68,1,52000,,
71,1,21500,,
,0,,,
69,0,,,
65,0,35000,,
65,0,4000,,
66,1,8000,,
65,0,2500,,
,1,,,
66,0,,,
,0,,,
67,0,,,
73,1,,,
63,0,17000,,
73,1,,,
73,1,16000,,
,0,,,
,1,20000,,
,1,,,
66,1,,,
74,1,,,
,1,,,
,1,,,
65,0,12000,,
64,0,,,
69,0,,,
64,0,34000,,
,1,,,
67,0,,,
59,0,17000,,
64,0,20000,,
62,0,500,,
62,0,16000,,
,1,,,
71,1,30000,,
64,0,,,
,1,,,
,1,,,
,1,20000,,
65,0,28000,,
67,0,,,
,1,,,
,1,,,
71,0,16000,,
69,0,12000,,
71,1,60000,,
71,1,32000,,
57,0,10000,,
70,1,3000,,
68,0,13000,,
71,1,,,
,0,,,
61,0,8000,,
65,0,,,
61,0,,,
66,1,50000,,
69,1,33000,,
,1,,,
68,1,39000,,
65,0,22000,,
71,1,,,
64,0,,,
,1,10000,,
66,0,10000,,
70,1,23000,,
,1,,,
,1,,,
64,0,,,
,1,,,
71,1,,,
70,1,24000,,
,1,,,
64,0,45000,,
67,0,16000,,
69,1,34000,,
64,0,20000,,
64,0,30000,,
,0,,,
66,1,3000,,
69,1,0,,
71,1,45000,,
74,1,60000,,
61,0,,,
63,0,3200,,
70,1,25000,,
,1,52000,,
67,0,12000,,
,1,,,
65,0,16400,,
69,0,13014,,
67,1,32000,,
,0,,,
67,1,,,
69,1,30000,,
,1,,,
63,0,20000,,
69,1,1600,,
74,1,73000,,
,0,,,
,1,,,
,1,,,
64,0,30000,,
75,1,38000,,
,0,,,
,1,11000,,
65,0,40000,,
64,0,,,
69,1,75000,,
68,0,25000,,
,1,35000,,
69,0,16665,,
65,0,,,
71,1,42000,,
65,0,25000,,
,1,,,
68,1,21000,,
71,1,,,
68,1,15000,,
64,0,28000,,
,1,57000,,
64,0,,,
73,1,42000,,
70,0,1500,,
64,0,19200,,
68,0,37000,,
71,1,10000,,
68,1,50000,,
69,1,18000,,
67,0,,,
75,1,60000,,
76,1,,,
62,0,68000,,
,0,,,
,0,24000,,
71,0,,,
67,0,,,
61,0,,,
67,0,12000,,
67,0,30000,,
,1,25000,,
64,0,21420,,
,1,27000,,
63,0,19000,,
,0,,,
67,0,2500,,
66,1,2000,,
64,0,500,,
70,1,30000,,
66,0,,,
71,1,,,
,1,,,
67,0,20000,,
66,0,60000,,
64,0,30000,,
68,1,4300,,
68,0,42230,,
62,0,8400,,
61,0,,,
61,0,,,
,1,,,
69,0,9000,,
76,1,8000,,
65,0,14000,,
69,0,,,
66,0,,,
65,0,,,
67,0,15000,,
67,0,3500,,
,1,,,
64,0,30000,,
,1,25000,,
69,0,32000,,
70,1,,,
62,0,,,
,0,,,
64,0,,,
71,0,45000,,
73,1,3000,,
64,1,300,,
61,0,26000,,
70,1,50000,,
,1,,,
69,0,6000,,
73,1,36000,,
67,0,21000,,
67,0,7000,,
64,0,46000,,
73,1,40000,,
,1,,,
71,1,25000,,
63,0,14000,,
70,1,35000,,
61,1,31000,,
63,0,20000,,
63,0,30000,,
59,0,,,
68,1,40000,,
67,0,48000,,
66,0,32000,,
62,0,,,
76,1,75000,,
70,1,25000,,
26,1,,,
74,1,20,,
62,0,500,,
63,0,32000,,
,1,,,
65,0,50000,,
,0,,,
76,1,25000,,
68,1,42000,,
70,1,38000,,
,1,30000,,
64,0,,,
,1,,,
66,1,,,
,1,,,
66,0,30000,,
,1,,,
77,1,30000,,
70,1,45000,,
66,0,32100,,
63,0,42000,,
67,0,29000,,
66,0,12000,,
70,1,45000,,
68,1,,,
69,1,23000,,
63,0,,,
71,0,27000,,
,1,,,
,0,,,
74,1,,,
,1,42000,,
,1,51000,,
63,0,46000,,
71,1,8000,,
65,0,,,
65,0,34000,,
67,0,44000,,
66,0,33000,,
65,1,10000,,
63,0,,,
65,1,25000,,
,1,16000,,
,0,,,
75,1,54000,,
73,1,11000,,
,1,29000,,
67,0,,,
66,1,38000,,
65,0,23000,,
69,1,15000,,
68,1,40000,,
64,0,35000,,
66,0,,,
66,0,27000,,
74,1,59473,,
66,0,28500,,
76,1,121993,,
67,1,25500,,
,0,,,
64,0,6000,,
68,1,30000,,
62,0,40000,,
65,0,,,
,0,,,
61,0,15000,,
73,1,,,
74,1,80000,,
,1,,,
69,0,12000,,
69,1,20800,,
63,0,15000,,
61,0,10000,,
68,0,49000,,
65,0,29000,,
59,0,20800,,
67,1,55000,,
66,1,46000,,
,0,,,
,1,,,
65,1,28000,,
68,0,25000,,
,1,,,
64,0,,,
61,0,23000,,
70,0,24000,,
71,1,24000,,
68,1,29000,,
65,0,15000,,
62,0,28000,,
,1,,,
63,1,9000,,
70,1,13000,,
66,0,13600,,
,0,,,
64,0,18000,,
70,1,28000,,
69,1,28000,,
71,0,21000,,
67,0,17000,,
,0,,,
70,1,36000,,
,0,,,
70,1,68000,,
64,0,8000,,
,1,,,
65,0,,,
66,0,0,,
74,1,70000,,
67,0,18000,,
78,1,12000,,
71,1,28000,,
68,1,9000,,
67,0,42000,,
,1,2500,,
70,1,25000,,
,0,,,
70,0,10000,,
75,1,13000,,
,1,16000,,
68,1,44000,,
67,1,12000,,
64,0,65000,,
69,0,,,
65,0,40000,,
,1,,,
67,1,19000,,
69,0,42000,,
,1,84000,,
66,0,,,
62,0,65000,,
,1,,,
,1,,,
70,0,12000,,
69,1,,,
67,0,,,
73,1,28000,,
74,1,14000,,
,1,,,
70,0,30000,,
66,0,7000,,
73,1,26000,,
76,1,47000,,
68,0,27000,,
,1,,,
,1,12000,,
70,1,62500,,
66,0,32000,,
,0,,,
,1,,,
66,0,,,
66,0,,,
63,0,16800,,
69,1,27000,,
70,1,35000,,
74,1,40000,,
70,1,,,
68,0,6100,,
68,1,121993,,
66,0,,,
,0,,,
64,0,14000,,
65,0,12000,,
65,1,40000,,
61,0,24000,,
66,0,15000,,
61,0,33000,,
66,0,12000,,
68,0,20000,,
75,1,121993,,
69,0,9000,,
68,0,17000,,
,0,,,
70,1,61000,,
,0,,,
71,1,11000,,
,1,44000,,
,1,52000,,
63,0,31000,,
,1,,,
69,1,26000,,
67,1,,,
59,0,15000,,
64,1,,,
74,1,80000,,
68,1,,,
61,0,25000,,
68,0,42000,,
71,1,35000,,
67,1,25000,,
68,1,15000,,
67,0,20000,,
66,0,47000,,
68,0,2000,,
68,1,60000,,
71,1,,,
,1,,,
75,1,40000,,
76,1,45000,,
61,0,20000,,
67,0,,,
78,1,4600,,
,1,35000,,
73,1,19000,,
70,1,15000,,
,0,,,
63,0,22000,,
67,1,121993,,
68,1,33000,,
70,1,65000,,
63,0,45000,,
66,0,25000,,
69,0,9000,,
63,0,30000,,
65,0,,,
,1,,,
63,0,2000,,
,1,48000,,
64,0,18000,,
,0,25000,,
65,0,22000,,
63,0,,,
73,1,60000,,
66,0,26000,,
75,1,9000,,
67,1,40000,,
,1,121993,,
71,1,14000,,
66,0,12000,,
68,0,21000,,
75,1,75000,,
71,1,24000,,
64,0,35000,,
71,1,51000,,
,1,,,
69,1,45000,,
63,0,11000,,
65,1,121993,,
,1,3500,,
,0,,,
,0,,,
,1,,,
,1,,,
66,0,30000,,
,1,,,
73,1,58000,,
,1,55000,,
70,1,45000,,
,0,,,
,0,25000,,
64,0,21000,,
,1,,,
,1,,,
69,1,12500,,
,1,,,
65,0,17000,,
69,1,53000,,
61,0,1000,,
,1,,,
,0,6338,,
64,0,,,
,0,5500,,
,0,,,
63,1,,,
69,1,8000,,
64,0,,,
61,0,,,
67,0,,,
71,1,43500,,
65,0,24000,,
70,1,121993,,
,1,,,
,1,,,
68,1,60000,,
,0,,,
65,0,27000,,
67,0,56000,,
70,1,76000,,
73,1,121993,,
67,0,10000,,
,1,40000,,
64,0,,,
70,0,43000,,
65,0,,,
68,0,,,
74,0,36000,,
70,1,52000,,
68,1,1000,,
73,1,30000,,
71,1,34000,,
62,0,,,
,0,,,
64,0,4780,,
,0,,,
75,1,56000,,
74,1,41600,,
67,1,40000,,
,1,,,
61,0,55000,,
,1,20000,,
68,0,,,
64,0,33000,,
71,1,40000,,
,0,37000,,
,1,,,
,0,121993,,
66,0,,,
62,0,,,
,0,,,
,1,,,
78,0,17300,,
,0,,,
67,0,32000,,
68,0,51000,,
67,1,24000,,
66,0,,,
59,0,46000,,
69,1,32000,,
73,1,60000,,
,0,,,
62,0,15000,,
69,1,28000,,
,1,,,
68,1,,,
73,1,2000,,
,1,,,
71,1,,,
67,0,,,
62,0,,,
,1,33000,,
,1,,,
70,1,23000,,
,0,20000,,
68,0,27000,,
67,0,34000,,
74,1,45000,,
70,0,20000,,
71,1,40000,,
,0,,,
69,1,18000,,
67,0,45000,,
67,0,42000,,
70,0,22000,,
,1,,,
70,1,40000,,
,1,,,
,1,,,
,1,,,
73,1,45000,,
63,0,,,
,0,,,
,1,,,
64,0,17000,,
63,0,,,
,1,29120,,
67,1,65000,,
57,0,300,,
,1,121993,,
,0,,,
,0,,,
66,0,,,
,1,,,
62,1,35000,,
78,1,35000,,
,0,36000,,
,0,,,
,0,,,
64,0,,,
,1,4500,,
71,1,,,
73,1,,,
65,0,55000,,
64,0,,,
65,0,24000,,
64,0,1000,,
65,1,15000,,
63,0,,,
67,1,26000,,
57,0,24000,,
67,1,6000,,
,0,7000,,
67,0,,,
,0,,,
67,0,28000,,
62,0,,,
69,1,,,
,0,,,
67,1,,,
66,1,30000,,
,1,,,
64,0,10000,,
63,0,,,
,1,,,
62,0,34875,,
,1,64000,,
62,0,29000,,
70,1,34000,,
61,0,27000,,
70,1,25000,,
67,1,,,
70,1,41000,,
71,1,,,
74,1,1500,,
71,1,,,
,1,,,
66,1,,,
66,1,,,
65,0,40000,,
68,0,32000,,
67,0,28000,,
62,0,,,
71,1,,,
67,1,35000,,
70,1,65000,,
67,1,43000,,
71,1,43000,,
66,0,42000,,
69,1,,,
70,0,37000,,
63,0,19000,,
66,0,27000,,
65,0,,,
69,1,42000,,
64,0,50000,,
62,0,,,
62,0,,,
,1,,,
67,0,14000,,
64,0,60000,,
,1,,,
61,0,39000,,
62,0,,,
70,1,45000,,
71,1,27000,,
69,1,70000,,
70,1,30000,,
,1,,,
66,0,16000,,
58,0,,,
66,1,40000,,
61,0,43000,,
,0,18000,,
62,0,40000,,
62,0,12000,,
67,0,4000,,
62,0,,,
,1,,,
,1,,,
,1,,,
67,1,32000,,
61,1,,,
57,0,,,
64,0,36000,,
68,1,22000,,
70,1,,,
62,0,24000,,
70,1,30000,,
66,0,,,
65,0,45000,,
69,1,,,
69,1,,,
69,1,12000,,
64,0,21000,,
73,1,74000,,
,0,,,
71,1,45000,,
,1,,,
68,1,,,
63,1,15000,,
,0,,,
67,1,30000,,
,1,,,
69,1,,,
66,0,,,
,1,35000,,
70,1,15000,,
71,1,22000,,
,1,,,
79,0,,,
65,0,,,
,0,,,
71,1,,,
61,0,12000,,
69,1,44000,,
68,1,3000,,
68,1,45000,,
62,0,160,,
65,1,,,
,0,,,
71,1,52000,,
65,0,15000,,
,1,,,
,1,,,
,1,54000,,
71,1,26000,,
,1,,,
67,0,24000,,
61,0,30000,,
64,1,23000,,
65,1,1000,,
,1,40000,,
65,0,25000,,
,0,,,
64,0,27000,,
62,0,29000,,
,1,,,
62,0,36000,,
74,1,31000,,
,0,,,
,1,5000,,
64,1,60000,,
65,0,45000,,
,0,,,
,1,,,
73,1,200,,
,0,,,
69,1,25000,,
61,0,,,
,1,10000,,
65,1,14500,,
67,0,14000,,
,0,,,
,1,4000,,
70,1,30000,,
71,1,24000,,
61,0,,,
,0,12000,,
61,0,70000,,
,1,121993,,
70,1,70000,,
,1,,,
67,0,31200,,
67,1,,,
66,1,6000,,
70,1,24235,,
71,1,46000,,
,0,,,
67,1,36000,,
61,0,,,
63,0,22000,,
65,0,40000,,
73,0,,,
66,0,900,,
67,0,,,
68,0,15000,,
68,1,13000,,
63,0,,,
66,0,15000,,
,1,,,
73,1,26000,,
67,0,26000,,
65,1,6000,,
71,1,2500,,
53,0,26000,,
,1,,,
64,0,35000,,
62,0,31000,,
70,1,,,
70,1,38000,,
66,0,32000,,
69,1,121993,,
59,0,11000,,
67,1,18170,,
71,1,25000,,
59,0,32000,,
,0,,,
63,0,,,
63,0,,,
70,1,23000,,
69,1,27500,,
68,1,,,
66,0,30000,,
67,0,26000,,
,1,23000,,
69,1,48000,,
63,0,26000,,
65,0,16000,,
68,1,,,
62,0,6400,,
66,1,42000,,
65,1,2300,,
64,0,5000,,
65,1,26000,,
,0,,,
,0,,,
61,0,1700,,
69,1,48000,,
74,1,10000,,
69,1,40000,,
64,0,6442,,
75,1,,,
,0,,,
,1,,,
68,0,45000,,
74,1,3000,,
65,0,11500,,
,1,49000,,
61,0,36000,,
64,0,23000,,
65,0,49000,,
64,0,33000,,
90,0,36000,,
71,1,25000,,
64,0,13000,,
,1,25000,,
66,0,44000,,
67,1,15000,,
60,0,17000,,
63,0,7000,,
71,1,32000,,
62,0,,,
64,0,12000,,
64,0,600,,
63,0,,,
67,1,26000,,
62,0,,,
67,1,,,
66,1,300,,
70,1,26000,,
61,0,15000,,
71,1,45000,,
65,0,12000,,
61,0,18000,,
69,1,21000,,
65,0,25000,,
,0,700,,
73,1,,,
,1,36241,,
64,0,40000,,
,0,,,
,0,,,
71,1,62000,,
62,0,29600,,
67,1,35000,,
65,1,34000,,
,1,15000,,
73,1,,,
,1,,,
,1,,,
,0,,,
70,1,46000,,
57,0,30000,,
62,0,,,
,1,,,
71,1,50000,,
66,0,28000,,
68,1,64000,,
,0,29000,,
62,0,30000,,
71,1,36000,,
73,1,33400,,
70,1,,,
71,1,25000,,
70,1,16000,,
,0,,,
74,1,13000,,
68,0,,,
70,1,,,
,0,,,
67,0,23074,,
74,1,23000,,
76,1,29000,,
,1,,,
68,1,40000,,
61,0,12000,,
,1,,,
71,1,,,
72,1,25000,,
,1,,,
71,1,7408,,
69,0,17000,,
68,0,48000,,
64,0,24000,,
67,0,,,
,0,,,
,0,,,
67,1,,,
70,1,,,
,1,121993,,
66,0,39300,,
61,0,27500,,
68,0,15000,,
74,1,21500,,
62,0,5000,,
74,1,33000,,
66,0,36000,,
63,0,4500,,
65,0,11500,,
63,0,4498,,
,1,,,
66,0,5000,,
67,1,47000,,
69,0,48000,,
63,0,,,
67,1,,,
59,0,,,
67,0,4000,,
,1,,,
,0,,,
67,0,,,
74,1,,,
67,1,,,
74,1,12000,,
62,0,32000,,
61,0,14000,,
,1,,,
62,0,16000,,
54,0,,,
62,1,1078,,
,0,,,
,0,9000,,
65,0,,,
,1,,,
66,0,31500,,
63,0,,,
,0,10000,,
63,1,900,,
64,1,20000,,
,1,26000,,
,1,,,
62,0,34000,,
63,0,27000,,
71,1,32000,,
65,0,15300,,
,1,,,
,0,,,
59,0,3000,,
,0,,,
63,0,34500,,
64,1,32000,,
68,1,35000,,
70,1,,,
68,1,80000,,
69,1,50000,,
62,0,53000,,
66,0,22000,,
65,0,2000,,
69,0,30000,,
66,0,,,
70,0,,,
70,1,30000,,
70,0,48000,,
67,0,20000,,
,0,,,
,1,,,
68,0,3000,,
,1,,,
,1,,,
74,1,,,
70,1,32000,,
74,1,,,
,0,,,
,1,,,
,0,7000,,
67,0,628,,
76,1,13000,,
66,0,22000,,
,1,,,
71,1,27000,,
69,1,1000,,
64,0,11000,,
,0,,,
,1,29000,,
,1,12000,,
,1,27000,,
,0,,,
65,1,,,
,0,12500,,
,1,,,
66,0,800,,
67,0,,,
69,1,25000,,
75,1,,,
69,1,20000,,
66,0,,,
61,0,23000,,
66,0,,,
67,1,60000,,
55,0,,,
75,1,18000,,
68,0,,,
,1,,,
69,1,22000,,
,1,,,
71,1,0,,
62,0,30000,,
,1,,,
,0,38000,,
,1,,,
,0,,,
,1,,,
69,1,,,
64,0,,,
68,0,72000,,
,1,,,
,0,,,
,0,,,
67,1,16000,,
66,1,,,
64,0,36000,,
61,0,56000,,
64,0,44600,,
61,0,20000,,
59,0,400,,
74,1,6033,,
66,1,,,
63,0,20000,,
,0,,,
73,1,,,
63,1,,,
62,0,34000,,
68,1,30000,,
,1,,,
68,0,13000,,
,1,,,
64,0,61000,,
70,1,,,
68,1,53000,,
,1,,,
76,1,,,
69,1,16000,,
62,0,,,
,1,,,
68,0,24000,,
,0,,,
,0,16000,,
65,0,,,
67,0,24600,,
69,1,,,
78,1,,,
66,0,,,
64,0,32000,,
73,1,,,
73,1,40000,,
71,1,47000,,
68,1,16000,,
69,1,,,
62,0,32000,,
71,1,28000,,
,0,,,
,1,,,
68,1,,,
63,0,39000,,
,0,,,
,1,50000,,
69,1,11000,,
64,0,10000,,
67,0,,,
65,0,35000,,
67,0,58000,,
,1,60000,,
,1,,,
,0,,,
62,0,,,
71,1,,,
64,0,,,
70,1,,,
71,1,,,
63,0,58000,,
63,0,40000,,
,1,,,
64,0,18000,,
59,0,,,
,1,,,
65,0,,,
70,1,35000,,
69,1,29000,,
66,1,7000,,
59,0,,,
,1,,,
68,0,38000,,
68,0,,,
66,0,10000,,
62,0,29000,,
,1,,,
62,0,49000,,
64,1,2000,,
,0,,,
66,0,35000,,
71,0,18000,,
67,0,,,
71,1,,,
,1,,,
62,0,40000,,
67,1,72000,,
65,0,35000,,
,1,,,
65,0,,,
63,0,32000,,
,1,,,
75,1,,,
71,1,50000,,
,1,,,
,1,,,
64,0,38000,,
,0,,,
65,0,,,
69,1,17000,,
,1,45000,,
64,0,50000,,
62,0,900,,
,0,,,
69,1,3000,,
70,1,,,
70,1,33000,,
,1,,,
61,0,,,
67,0,22000,,
,1,,,
66,0,41000,,
63,0,,,
,0,,,
63,0,37000,,
66,0,28000,,
64,0,20000,,
,1,,,
,1,,,
,1,,,
69,1,,,
70,1,55000,,
68,1,52000,,
63,0,31000,,
64,0,,,
67,1,58000,,
64,1,10000,,
,0,18384,,
59,0,15000,,
67,1,,,
63,0,10000,,
61,0,4000,,
67,1,,,
62,0,21000,,
,1,45000,,
67,0,35000,,
62,0,,,
68,1,30000,,
66,0,22128,,
62,0,22000,,
64,1,,,
65,1,,,
,0,,,
65,0,,,
66,1,24000,,
,0,,,
71,1,33800,,
65,1,15000,,
68,1,,,
61,0,19000,,
,1,,,
69,1,35000,,
63,0,,,
68,0,31000,,
74,1,3600,,
70,0,40000,,
71,1,14000,,
65,0,1500,,
71,1,30000,,
63,1,39000,,
,0,4500,,
67,1,45000,,
74,1,53000,,
62,0,45000,,
62,0,35800,,
68,1,36000,,
62,0,42000,,
59,0,,,
64,0,39000,,
68,0,18720,,
,1,2000,,
67,0,,,
68,1,33000,,
64,0,48000,,
,0,26000,,
71,1,33000,,
68,0,28000,,
71,1,34000,,
67,0,,,
62,0,23000,,
,0,,,
69,1,51000,,
66,1,18000,,
,0,12000,,
64,1,20000,,
,0,,,
67,1,35000,,
67,1,17000,,
66,1,,,
64,0,50000,,
61,0,40000,,
63,0,39000,,
70,1,73000,,
73,1,22000,,
70,1,,,
64,0,15200,,
67,1,43000,,
67,1,59000,,
70,1,30000,,
63,0,13000,,
66,1,45000,,
70,1,4500,,
,0,21000,,
66,1,25000,,
62,0,32000,,
,1,5500,,
67,0,25875,,
69,1,10000,,
70,0,31000,,
59,0,,,
73,1,10000,,
68,1,10000,,
69,1,20000,,
,1,,,
66,1,,,
69,1,34000,,
66,1,55000,,
62,0,10000,,
66,1,36000,,
66,1,60000,,
71,1,23000,,
62,0,,,
71,1,,,
69,0,5672,,
67,1,,,
,1,,,
66,0,10000,,
65,0,,,
62,0,,,
,1,,,
65,1,,,
58,0,12000,,
61,0,,,
70,1,75000,,
,0,,,
66,0,,,
67,1,,,
66,1,52000,,
75,1,,,
64,1,,,
73,1,,,
,1,,,
,1,55000,,
70,1,19300,,
69,1,600,,
,1,52000,,
,1,,,
,1,,,
,1,72000,,
65,0,40000,,
74,1,24000,,
,1,30000,,
70,1,70000,,
61,0,26400,,
67,0,28000,,
66,0,22000,,
71,1,25000,,
69,1,,,
73,1,3000,,
68,0,,,
63,0,12000,,
65,0,,,
75,1,28000,,
66,1,,,
69,0,11000,,
70,1,,,
62,0,15000,,
74,1,,,
75,1,26000,,
70,1,6000,,
65,0,,,
74,1,400,,
64,0,2000,,
67,1,6000,,
67,1,9000,,
65,0,28000,,
68,1,20000,,
62,0,,,
66,1,,,
69,1,,,
67,1,36000,,
67,1,5500,,
67,0,8000,,
,1,42000,,
65,0,22000,,
62,0,29000,,
,0,,,
67,0,33000,,
,1,,,
,1,,,
67,1,33000,,
69,1,8500,,
62,0,15000,,
65,0,21000,,
66,0,25000,,
63,0,27000,,
64,0,30000,,
62,0,24000,,
,1,,,
70,1,,,
,1,,,
26,1,,,
70,1,8000,,
74,1,70000,,
69,0,19000,,
76,1,2500,,
67,1,63000,,
70,1,1500,,
63,0,,,
59,0,18000,,
66,0,9000,,
71,1,21000,,
66,0,11000,,
,1,4000,,
73,1,18000,,
,0,55000,,
73,1,25000,,
73,1,10000,,
67,0,7000,,
68,0,,,
67,0,,,
66,0,37000,,
70,1,27000,,
77,1,,,
66,0,,,
,1,,,
76,1,25000,,
73,1,,,
75,1,,,
73,1,,,
,1,,,
,0,40000,,
62,0,,,
,1,,,
70,1,30000,,
63,0,,,
76,1,34000,,
,1,,,
67,1,37000,,
66,0,25000,,
73,1,14000,,
,1,30000,,
61,0,28000,,
,1,,,
,1,,,
,1,,,
,1,,,
70,1,17000,,
62,0,5500,,
69,1,800,,
,0,,,
69,1,33000,,
,1,,,
63,1,50000,,
,1,,,
69,1,24000,,
67,0,13755,,
66,0,32000,,
67,0,10000,,
65,0,36000,,
67,1,55000,,
,0,4000,,
,0,22800,,
71,1,28000,,
69,0,31000,,
68,0,21000,,
67,1,,,
71,1,36000,,
73,1,,,
66,0,4065,,
,0,12000,,
,0,,,
66,0,10721,,
62,0,,,
70,1,32000,,
,0,18000,,
63,0,26850,,
70,1,37000,,
,1,,,
61,0,,,
73,1,,,
63,0,21000,,
66,0,,,
66,0,,,
,1,62000,,
,1,,,
70,0,,,
70,1,2500,,
64,1,15000,,
65,1,1500,,
,0,,,
,0,,,
,0,6000,,
68,1,35000,,
,1,,,
62,0,37000,,
69,1,1800,,
64,0,,,
64,0,600,,
66,0,34000,,
62,0,,,
62,0,,,
64,0,,,
73,1,38000,,
,1,,,
,0,,,
67,1,62000,,
65,1,32500,,
74,1,15000,,
69,1,42000,,
65,0,65000,,
66,0,,,
70,1,,,
64,0,41000,,
,1,,,
,1,22000,,
71,1,,,
,1,16000,,
,1,,,
71,1,121993,,
65,0,10000,,
,1,,,
70,1,80000,,
63,0,30000,,
70,1,3500,,
62,0,,,
66,1,42744,,
65,1,,,
,0,,,
,0,30000,,
67,1,25000,,
64,0,44900,,
,1,,,
67,1,40000,,
63,0,17000,,
63,0,10000,,
62,0,23000,,
62,0,22000,,
68,1,,,
,1,9000,,
73,1,,,
69,1,,,
,0,,,
64,1,12500,,
63,0,5000,,
64,1,47000,,
62,0,21000,,
70,1,30000,,
,1,,,
,1,,,
61,0,12000,,
,1,34000,,
70,1,30000,,
67,1,78000,,
71,1,37000,,
68,1,25000,,
69,1,121993,,
61,0,20000,,
,0,31000,,
65,0,12000,,
62,0,40000,,
68,1,121993,,
71,1,30000,,
65,1,4500,,
,1,,,
,1,,,
68,1,60000,,
69,0,8000,,
62,0,,,
61,0,,,
,0,5000,,
70,1,23000,,
63,0,25000,,
68,1,15000,,
78,1,60000,,
74,1,121993,,
63,0,12000,,
64,0,36000,,
70,1,,,
63,0,29000,,
,1,,,
64,0,38000,,
63,0,25000,,
64,0,3000,,
61,0,,,
63,0,21000,,
63,0,24000,,
63,1,52000,,
70,1,8000,,
63,0,46000,,
,1,,,
63,0,22000,,
66,1,,,
67,1,22000,,
63,0,,,
66,1,12000,,
71,1,68000,,
74,1,42000,,
65,0,17000,,
66,0,3000,,
66,1,45000,,
63,0,30000,,
64,0,700,,
64,0,,,
59,0,0,,
67,1,24000,,
74,1,48000,,
67,0,39000,,
,1,25000,,
63,0,,,
63,0,,,
65,0,32000,,
66,1,,,
69,1,,,
70,1,10500,,
64,0,,,
67,1,,,
64,0,,,
65,0,,,
69,1,24000,,
63,0,23000,,
62,0,35000,,
70,1,45000,,
67,0,18000,,
66,0,29000,,
68,0,10000,,
66,0,30000,,
70,1,45000,,
,1,,,
63,0,10000,,
68,1,4300,,
64,0,,,
,1,,,
61,0,20000,,
63,1,48000,,
61,0,,,
64,0,44000,,
74,1,,,
,1,,,
65,1,,,
67,1,42000,,
62,0,,,
,1,,,
74,1,40000,,
70,1,40000,,
64,0,18000,,
,0,,,
68,0,,,
66,1,15000,,
64,0,34000,,
69,1,36000,,
,1,,,
,1,,,
65,0,,,
74,1,,,
,1,26000,,
,1,,,
,1,,,
76,1,3200,,
71,1,65000,,
66,1,25000,,
65,0,30000,,
69,1,30000,,
67,1,,,
67,0,41000,,
,0,,,
65,0,19000,,
66,0,31000,,
,1,,,
66,0,,,
64,0,,,
71,1,13000,,
64,0,27000,,
65,1,29000,,
,0,38000,,
67,1,32000,,
64,0,,,
,0,,,
,0,,,
70,1,27000,,
63,0,13000,,
64,0,52000,,
64,0,25200,,
65,0,44000,,
70,1,15000,,
71,1,10971,,
74,1,48000,,
74,1,45000,,
59,0,15000,,
70,1,24000,,
68,1,28000,,
62,0,33000,,
,1,,,
64,0,37000,,
,1,10000,,
59,0,3000,,
,0,,,
,1,35000,,
,0,,,
65,0,20000,,
69,0,,,
61,0,33000,,
64,0,0,,
,0,,,
70,0,33000,,
,1,,,
69,0,46000,,
,0,,,
64,0,,,
67,0,,,
,1,,,
67,1,121993,,
,0,,,
64,0,55000,,
68,1,,,
67,0,,,
66,0,40000,,
67,1,,,
61,0,40000,,
67,1,,,
66,1,,,
69,1,,,
,0,,,
61,0,36000,,
61,0,,,
65,0,2880,,
68,0,45000,,
66,0,30000,,
,1,,,
65,0,12000,,
67,1,,,
74,1,60000,,
69,1,,,
68,1,10000,,
64,0,9000,,
68,1,9000,,
64,0,15000,,
67,0,20000,,
71,1,,,
,1,44000,,
65,0,37000,,
68,1,28000,,
66,0,30000,,
62,0,19000,,
63,0,6500,,
67,0,4000,,
,1,,,
67,0,,,
67,1,,,
64,0,12000,,
74,1,18000,,
75,1,,,
68,0,,,
,1,,,
,1,,,
62,0,33000,,
68,0,22000,,
69,1,43000,,
62,0,,,
,1,,,
73,1,35000,,
65,0,21275,,
73,1,1100,,
,1,,,
,1,14000,,
73,1,,,
71,1,31000,,
71,1,27000,,
75,1,7500,,
67,1,38000,,
64,0,15000,,
67,0,,,
63,0,,,
67,0,,,
,0,28000,,
59,0,15000,,
66,0,,,
63,0,,,
66,0,32000,,
,0,,,
67,1,,,
,0,,,
,1,52000,,
,0,,,
67,0,20000,,
71,1,25000,,
62,0,,,
68,0,,,
76,1,47000,,
70,1,,,
66,0,,,
63,0,15000,,
,1,,,
,1,,,
,0,,,
,1,,,
67,0,,,
,0,,,
64,0,,,
69,1,10000,,
62,0,14000,,
73,1,,,
64,0,45000,,
67,1,5000,,
64,0,,,
,0,,,
64,0,10000,,
,1,,,
,0,4500,,
,0,,,
71,1,24000,,
,1,14000,,
,1,,,
68,0,17000,,
68,1,,,
65,1,,,
67,1,,,
66,0,10000,,
,1,,,
66,0,22000,,
73,1,,,
63,0,,,
69,1,18000,,
64,0,,,
70,1,550,,
65,0,16000,,
,1,,,
63,0,30000,,
67,1,10000,,
64,0,,,
70,0,7000,,
,1,,,
63,0,,,
70,1,8500,,
67,1,31000,,
70,1,,,
,1,,,
63,1,,,
,1,,,
,1,,,
,1,,,
,1,,,
,1,,,
67,1,,,
65,0,26000,,
73,1,2000,,
62,0,,,
66,1,40000,,
68,1,14400,,
,1,55000,,
71,0,,,
68,1,3500,,
62,0,15000,,
68,0,17000,,
68,0,30000,,
67,0,,,
76,1,10000,,
64,0,,,
65,0,,,
68,1,,,
,1,,,
62,0,26000,,
62,0,40000,,
,1,,,
68,1,12000,,
66,0,0,,
67,1,65000,,
,1,41000,,
66,0,21264,,
,0,,,
,0,,,
,1,,,
,1,,,
,1,,,
68,1,42000,,
64,0,,,
,1,,,
,1,,,
,1,,,
,1,,,
66,0,2500,,
,0,,,
64,0,25000,,
62,0,,,
73,1,,,
,1,,,
68,0,5500,,
74,1,,,
71,1,34000,,
65,0,4000,,
,1,55000,,
70,1,,,
,0,12000,,
71,1,,,
69,1,50000,,
,1,48000,,
,1,,,
,0,,,
66,1,55200,,
65,0,,,
,1,13000,,
66,0,18000,,
,0,,,
66,0,1500,,
62,0,5000,,
69,0,19500,,
73,1,40000,,
66,0,20000,,
67,1,26000,,
68,1,,,
71,1,,,
63,0,,,
64,0,7000,,
73,1,39000,,
,0,28000,,
,1,,,
66,0,4200,,
64,0,121993,,
64,0,,,
78,1,30000,,
70,1,10000,,
68,1,48700,,
,1,,,
70,1,,,
61,0,35000,,
62,0,27000,,
,1,,,
74,1,45000,,
62,0,,,
,0,,,
66,0,500,,
62,0,2500,,
67,0,,,
70,1,35000,,
70,0,,,
73,1,3000,,
,1,,,
66,1,25000,,
74,1,12000,,
67,0,19200,,
68,0,,,
59,0,28000,,
69,1,10560,,
,1,47000,,
62,0,10000,,
66,0,25000,,
66,0,23000,,
69,1,,,
,1,,,
70,1,50000,,
73,1,7368,,
,0,13000,,
71,1,3000,,
74,1,,,
64,1,12000,,
66,1,,,
62,0,,,
71,1,2000,,
64,0,24000,,
62,0,4000,,
66,0,,,
62,0,,,
63,0,11000,,
70,1,121993,,
73,1,,,
65,0,20000,,
68,0,18000,,
64,1,18000,,
67,0,,,
,1,,,
69,1,,,
67,1,,,
,1,,,
73,1,15000,,
63,0,4800,,
67,0,15000,,
63,0,21000,,
66,1,,,
64,1,,,
,1,30000,,
61,0,121993,,
67,1,12000,,
73,1,4000,,
67,0,,,
67,0,,,
76,1,,,
80,1,7000,,
65,0,,,
71,1,21000,,
63,0,14000,,
71,1,40000,,
62,0,,,
61,0,2000,,
66,1,,,
65,0,30000,,
,0,,,
62,0,,,
,0,,,
69,1,,,
63,0,17000,,
,1,,,
73,1,65000,,
71,1,,,
70,1,,,
,1,,,
67,1,,,
,0,,,
71,1,,,
,0,,,
,1,,,
,0,,,
,0,,,
62,0,,,
65,0,34500,,
67,0,,,
68,1,,,
74,1,45000,,
75,1,,,
65,0,60000,,
,0,,,
67,1,,,
69,1,3000,,
69,1,,,
,1,50960,,
66,0,,,
,0,,,
67,0,,,
71,1,30000,,
63,0,,,
64,0,40000,,
69,1,15000,,
74,1,15000,,
,0,,,
62,0,41000,,
65,0,48000,,
73,1,11000,,
75,1,,,
61,0,15000,,
61,0,18000,,
,1,22000,,
67,1,,,
61,0,35000,,
68,1,,,
,1,24000,,
66,0,,,
66,0,6000,,
65,0,21000,,
67,0,27450,,
63,0,,,
70,1,29000,,
65,0,,,
75,1,26000,,
64,0,,,
,1,,,
65,1,17177,,
70,1,20000,,
,1,,,
67,1,300,,
75,1,,,
73,1,,,
,1,,,
,1,,,
61,0,9000,,
64,0,,,
69,0,21000,,
,0,4000,,
,1,,,
,1,,,
,1,,,
67,1,5000,,
64,0,23000,,
68,0,5369,,
62,0,21000,,
71,1,16000,,
67,0,10500,,
,1,,,
,1,,,
69,0,29000,,
67,1,28000,,
69,1,4000,,
67,0,16000,,
66,0,,,
66,1,,,
67,1,33000,,
68,0,,,
61,0,,,
,1,16500,,
,1,,,
74,1,30000,,
,1,2000,,
68,1,8000,,
67,0,3000,,
,0,5000,,
66,0,,,
66,0,11000,,
64,0,18000,,
67,0,35000,,
65,0,12000,,
65,0,,,
63,0,10000,,
73,1,1500,,
,1,,,
62,0,13000,,
,0,10000,,
64,0,400,,
62,0,,,
65,0,,,
65,0,10000,,
66,0,30000,,
66,0,25000,,
74,1,35000,,
68,1,3000,,
,0,500,,
74,1,27000,,
74,1,31000,,
67,0,,,
71,1,30000,,
,1,,,
69,0,4000,,
,1,,,
67,1,17000,,
76,1,14000,,
,0,,,
,1,30000,,
64,0,14000,,
68,1,,,
70,1,28000,,
66,1,,,
,1,45000,,
71,0,16000,,
,1,0,,
65,1,30000,,
66,1,11000,,
62,0,11000,,
68,1,3000,,
74,1,58000,,
,1,,,
69,1,32000,,
,1,,,
62,0,,,
75,1,18000,,
,0,32000,,
74,1,,,
66,1,,,
,1,,,
64,0,22000,,
63,0,22590,,
67,1,,,
,1,,,
,0,16000,,
69,1,14300,,
67,0,,,
67,0,,,
,0,,,
62,0,35000,,
,0,,,
73,1,12000,,
66,1,27000,,
,1,,,
,0,,,
,0,,,
69,1,,,
66,1,22000,,
,1,,,
65,0,23000,,
67,0,8200,,
66,0,12000,,
63,0,40000,,
62,0,10000,,
71,0,20000,,
64,0,19200,,
66,0,35000,,
,1,34000,,
67,1,3000,,
65,0,,,
,1,,,
66,0,,,
61,0,8000,,
63,0,13000,,
67,1,10000,,
65,0,19000,,
69,0,,,
71,0,121993,,
71,0,,,
66,1,,,
69,1,,,
74,1,,,
70,1,60000,,
64,0,14000,,
75,1,25000,,
66,1,,,
59,0,,,
63,0,20000,,
71,1,,,
71,1,1000,,
,1,,,
63,0,,,
64,0,40000,,
65,0,,,
62,0,,,
62,0,44000,,
65,0,28000,,
67,0,,,
64,0,42000,,
66,0,46000,,
69,0,,,
70,0,11800,,
,0,,,
61,0,,,
,1,,,
65,0,,,
,1,,,
64,0,,,
,0,,,
,1,,,
66,1,32000,,
66,0,,,
,1,,,
,0,,,
61,0,11000,,
71,1,,,
,1,,,
71,1,,,
69,1,40000,,
63,0,,,
,0,30065,,
,0,,,
71,1,,,
62,0,,,
,0,,,
,1,,,
59,0,35000,,
,0,,,
65,1,121993,,
73,1,31000,,
76,1,,,
69,1,,,
69,1,22000,,
66,1,,,
66,1,,,
62,0,30000,,
,1,,,
74,1,20000,,
69,1,,,
,1,,,
70,1,63000,,
71,1,30000,,
66,1,,,
64,0,7000,,
68,1,20000,,
78,1,28000,,
69,1,3500,,
69,0,30000,,
73,1,2700,,
66,1,,,
62,0,,,
68,1,23000,,
68,1,25000,,
,1,,,
73,1,10000,,
,0,,,
65,0,,,
69,1,24000,,
59,0,17000,,
69,1,42000,,
,1,48000,,
,1,,,
68,0,20000,,
63,0,900,,
68,0,24000,,
61,0,18000,,
70,1,24000,,
73,1,45000,,
,0,,,
65,0,5000,,
65,1,49000,,
,1,,,
68,1,54000,,
65,1,65000,,
70,1,29000,,
,0,30000,,
71,1,20000,,
73,1,38000,,
74,1,23000,,
66,1,7000,,
67,1,47000,,
65,0,47000,,
64,0,,,
64,0,3000,,
,0,,,
63,0,10000,,
69,1,20000,,
,0,,,
66,0,25000,,
67,1,19000,,
64,0,14000,,
66,0,,,
,0,,,
68,1,,,
73,1,65500,,
63,0,33500,,
71,1,15000,,
61,0,,,
64,0,25000,,
59,0,5000,,
71,1,35000,,
,1,,,
70,1,,,
69,1,42500,,
67,1,42000,,
,0,25000,,
67,0,62000,,
,1,,,
71,1,,,
70,1,,,
62,0,28000,,
73,1,44500,,
63,0,34000,,
,0,27000,,
71,1,30000,,
62,0,17000,,
68,1,28000,,
63,0,,,
69,1,48000,,
,0,,,
67,0,24500,,
,1,31000,,
64,0,28000,,
68,1,13500,,
62,0,30000,,
64,0,16000,,
,1,,,
,1,400,,
61,0,50000,,
,0,12000,,
71,1,20000,,
62,0,,,
69,1,,,
73,1,32000,,
64,0,27000,,
69,0,,,
69,0,36000,,
59,0,,,
66,0,18000,,
63,0,10000,,
73,1,30000,,
,1,,,
,1,,,
66,1,,,
65,0,,,
63,0,1000,,
,1,35000,,
,1,,,
65,1,27000,,
,1,,,
62,1,31000,,
63,0,23000,,
,0,,,
,0,,,
,1,,,
,1,8000,,
64,0,13000,,
62,0,2000,,
70,1,,,
,1,,,
68,1,40000,,
,0,500,,
70,1,25000,,
63,0,,,
,1,12000,,
68,1,35000,,
,0,,,
70,1,26000,,
62,0,36000,,
65,0,,,
,0,,,
69,1,,,
63,0,,,
63,0,27000,,
71,1,,,
71,1,,,
65,0,,,
66,0,,,
68,1,,,
67,0,11000,,
67,0,5000,,
66,0,6000,,
70,1,35000,,
67,0,13000,,
62,0,13000,,
,1,,,
67,1,22000,,
68,0,,,
63,0,24000,,
64,0,,,
68,1,,,
74,1,20000,,
69,1,10000,,
63,0,315,,
64,0,36000,,
64,1,,,
70,1,,,
,0,,,
63,0,,,
66,0,15000,,
69,1,1000,,
,1,,,
66,0,31000,,
70,1,17000,,
65,0,17000,,
,1,,,
67,0,19074,,
67,1,,,
67,0,23000,,
67,1,12000,,
,0,,,
,1,50000,,
73,1,,,
66,0,27000,,
71,0,30000,,
66,0,43000,,
62,0,21000,,
68,1,1700,,
70,1,4200,,
66,1,,,
,0,,,
,0,,,
,0,,,
,1,,,
64,0,28500,,
,1,,,
70,1,280,,
71,1,,,
70,1,48000,,
69,1,29000,,
67,0,,,
,1,,,
70,1,22000,,
67,1,36000,,
68,1,,,
62,0,29000,,
63,0,50000,,
,0,,,
,1,,,
66,1,20000,,
69,1,,,
62,0,3000,,
63,0,15000,,
,0,,,
64,0,40000,,
68,0,,,
64,0,,,
63,0,,,
62,0,,,
67,0,,,
70,1,20000,,
64,0,4000,,
,0,,,
66,0,24000,,
63,1,,,
69,1,33000,,
61,0,,,
59,0,4000,,
70,1,20000,,
73,1,,,
68,1,19200,,
62,0,,,
71,1,25000,,
65,1,11000,,
64,0,18026,,
64,0,16000,,
74,1,1000,,
70,1,50000,,
68,1,5000,,
64,0,30000,,
64,0,32000,,
65,0,9000,,
68,0,50000,,
68,0,,,
65,1,39500,,
65,0,1200,,
66,0,,,
,1,,,
70,1,22000,,
65,0,50000,,
64,0,25000,,
,0,10000,,
,1,,,
61,0,10000,,
64,0,10000,,
,1,,,
70,0,,,
,1,,,
68,1,,,
64,0,5000,,
75,1,,,
63,0,,,
58,0,24000,,
66,0,33000,,
75,1,30000,,
71,1,3884,,
,0,43000,,
74,1,25000,,
74,1,,,
73,1,,,
62,0,14000,,
74,1,20800,,
66,0,15000,,
70,1,,,
74,1,18000,,
66,0,,,
,1,,,
71,1,,,
,1,,,
68,0,,,
,1,15000,,
,1,1000,,
67,1,17000,,
64,0,1661,,
67,1,,,
,1,,,
70,0,,,
63,0,21000,,
65,0,25000,,
,1,,,
74,1,,,
75,1,20000,,
,0,,,
73,1,27000,,
69,1,65000,,
70,1,11000,,
,1,,,
69,1,17000,,
67,0,67600,,
62,0,30000,,
,1,,,
74,1,,,
79,1,2500,,
69,1,5300,,
,0,3000,,
68,1,20000,,
61,0,21000,,
65,0,5000,,
,1,2800,,
66,0,32000,,
76,1,121993,,
63,1,,,
70,1,,,
67,1,30000,,
68,1,1600,,
64,0,19000,,
63,0,,,
65,0,,,
63,0,12000,,
,0,28000,,
66,0,3000,,
68,1,,,
69,1,6000,,
75,1,,,
64,0,,,
67,1,,,
,0,,,
,0,,,
71,1,22000,,
67,1,,,
73,1,20000,,
64,1,17500,,
66,1,1500,,
69,1,12000,,
,1,,,
67,1,,,
,1,,,
62,0,,,
65,0,,,
62,0,,,
64,0,5000,,
,0,31000,,
62,0,13000,,
,0,,,
62,0,,,
68,0,1200,,
61,0,16000,,
68,1,45000,,
,1,39319,,
62,0,37000,,
,1,,,
,1,,,
64,0,33000,,
64,0,,,
90,1,10000,,
65,0,12000,,
69,0,50000,,
66,0,,,
70,1,58000,,
65,0,12000,,
64,0,40000,,
71,1,42000,,
57,0,,,
69,1,29000,,
,1,,,
,1,44000,,
,1,25000,,
63,0,18000,,
69,1,38000,,
,0,4000,,
63,1,,,
62,0,,,
65,0,,,
59,0,,,
68,1,,,
68,1,0,,
,1,51000,,
67,1,8000,,
62,0,,,
65,0,12500,,
64,1,7000,,
64,0,,,
70,0,26000,,
69,1,16000,,
71,1,42000,,
65,1,45000,,
67,1,19000,,
62,0,41000,,
71,1,,,
65,1,4700,,
70,1,121993,,
69,1,30000,,
62,0,28000,,
,0,,,
67,1,29000,,
76,1,15000,,
91,0,18000,,
70,1,23000,,
70,1,19000,,
64,0,13000,,
67,1,55000,,
71,1,23000,,
62,0,7500,,
,0,10000,,
65,1,17000,,
,1,,,
67,1,,,
,1,2500,,
65,0,17500,,
65,0,35000,,
71,1,,,
64,0,,,
67,1,40000,,
65,1,6500,,
67,1,,,
67,1,10500,,
62,0,10000,,
67,1,,,
,1,12000,,
67,1,,,
70,0,,,
,1,15000,,
63,0,6000,,
68,1,68000,,
61,0,2000,,
68,0,,,
61,0,20000,,
65,0,22000,,
70,1,30000,,
64,0,13000,,
,0,,,
,0,23000,,
64,1,24000,,
64,0,8000,,
69,1,18700,,
62,0,0,,
62,0,3000,,
70,0,15000,,
69,1,,,
69,1,27000,,
69,1,14000,,
63,1,25000,,
69,1,24000,,
,0,700,,
,1,25000,,
66,1,36000,,
65,1,,,
64,0,30000,,
,0,,,
73,1,51000,,
59,0,19000,,
70,1,,,
68,1,26000,,
67,1,,,
66,1,13000,,
,0,23000,,
62,0,30900,,
65,0,,,
62,0,8000,,
67,1,14400,,
,1,,,
70,1,8000,,
77,1,,,
59,0,,,
64,1,,,
74,1,20000,,
66,1,28000,,
62,0,,,
68,1,46000,,
68,0,,,
68,1,20000,,
62,0,,,
65,1,13000,,
,0,,,
62,0,8000,,
,0,,,
61,0,32000,,
62,0,30000,,
,1,,,
62,0,3500,,
63,0,22000,,
64,0,1500,,
61,1,7581,,
62,1,5000,,
67,1,5000,,
67,0,,,
,1,,,
62,0,1000,,
61,0,8500,,
71,1,1000,,
71,1,,,
63,0,12000,,
62,0,52000,,
64,0,42000,,
65,1,,,
64,0,27000,,
62,0,2000,,
62,0,4000,,
64,0,50000,,
65,0,23500,,
67,0,,,
,1,,,
,1,,,
75,1,15000,,
74,1,19000,,
66,1,,,
65,0,,,
67,1,41000,,
,0,,,
,1,15000,,
63,0,,,
,0,,,
64,1,,,
75,1,2000,,
,1,,,
66,0,19000,,
,0,,,
66,0,23000,,
,0,8000,,
67,1,28000,,
,1,68000,,
67,1,28000,,
67,1,15000,,
,0,,,
59,0,,,
62,0,,,
67,0,17600,,
69,1,30000,,
65,1,27000,,
65,0,30000,,
70,1,,,
66,0,21000,,
64,0,,,
67,0,10000,,
,1,,,
,1,21000,,
73,1,18000,,
67,0,14500,,
,1,,,
64,0,10000,,
70,0,200,,
65,0,25000,,
67,0,32400,,
68,0,18000,,
65,0,17000,,
62,0,17000,,
66,1,16000,,
,0,23000,,
64,1,5000,,
,0,,,
70,1,43000,,
,1,47000,,
68,1,,,
,1,,,
70,1,5000,,
64,0,,,
62,0,10000,,
67,0,,,
,1,,,
59,0,,,
67,0,30000,,
69,0,,,
68,1,,,
70,1,3000,,
63,0,,,
,1,,,
64,0,4400,,
66,0,,,
73,1,34000,,
66,0,16000,,
66,0,28000,,
67,0,27000,,
63,0,600,,
71,0,,,
62,0,,,
64,0,35000,,
59,0,27000,,
61,0,8000,,
68,1,340,,
61,0,,,
75,1,,,67.30405003
61,0,42000,,
67,1,7500,,
,1,,,
69,0,12000,,
70,1,55000,,
68,1,67000,,
64,0,5000,,
65,0,1200,,
,1,45000,,
,1,,,
64,0,,,
65,0,,,
,1,15000,,
65,0,42000,,
62,0,2000,,
69,1,23000,,
,1,26000,,
70,1,200,,
73,1,,,
75,1,8000,,
70,1,,,
,1,22000,,
65,1,22000,,
74,1,12000,,
,0,,,
,1,63000,,
68,1,30000,,
64,0,,,
62,0,24000,,
64,0,32000,,
64,0,60000,,
67,0,65000,,
70,1,,,
69,1,8000,,
,1,,,
74,1,65000,,
63,0,8000,,
63,0,3000,,
61,1,,,
70,1,30000,,
68,0,,,
,1,,,
,0,,,
64,0,24000,,
64,0,,,
69,1,25000,,
,0,,,
64,0,14000,,
73,1,5000,,
66,0,,,
,1,67500,,
71,1,40000,,
65,0,13000,,
69,0,3600,,
62,0,,,
59,0,35000,,
67,1,29000,,
70,1,50000,,
,0,43000,,
,0,,,
,1,12000,,
65,1,,,
69,1,,,
69,1,30000,,
69,1,27840,,
,1,30000,,
70,1,21000,,
63,0,34000,,
61,0,19000,,
,1,,,
62,0,30000,,
67,0,18000,,
66,0,30000,,
70,1,45000,,
,0,,,
,0,,,
64,0,55000,,
63,0,35000,,
64,1,50000,,
,1,,,
61,0,900,,
66,1,20000,,
63,1,15000,,
56,0,10000,,
64,0,,,
,1,30000,,
69,1,30000,,
71,1,,,
61,0,12000,,
66,0,,,
76,1,42000,,
68,0,,,
67,0,10000,,
,0,,,
,0,,,
,1,25000,,
71,1,24000,,
,1,35000,,
70,1,56000,,
67,0,22000,,
73,1,15000,,
75,1,35000,,
68,0,37000,,
,1,,,
,1,,,
,1,,,
,0,15000,,
64,0,22000,,
,1,,,
71,1,25000,,
67,0,,,
,1,,,
66,0,36000,,
65,0,40000,,
64,1,30000,,
66,0,0,,
75,1,,,
74,1,,,
,1,,,
71,1,,,
59,0,,,
63,0,21000,,
59,0,,,
66,1,28500,,
64,0,,,
73,1,,,
61,0,38000,,
,0,,,
62,0,,,
,1,,,
,1,,,
66,0,,,
61,0,65000,,
68,1,7500,,
64,0,,,
63,0,13000,,
66,1,25000,,
73,1,18500,,
73,1,2675,,
71,1,25000,,
,0,,,
63,0,27300,,
,0,,,
,0,,,
78,1,25000,,
71,1,20000,,
63,0,10000,,
66,0,50000,,
63,0,3000,,
76,1,46000,,
62,0,42000,,
66,1,,,
69,1,3000,,
61,0,40000,,
67,1,,,
66,0,25000,,
67,0,6000,,
64,0,23000,,
67,0,32000,,
68,1,26000,,
69,1,25000,,
41,0,15000,,
76,1,36000,,
65,0,36000,,
69,0,,,
,0,,,
69,1,34000,,
67,1,48000,,
67,1,10000,,
64,1,38000,,
68,1,25000,,
66,0,30000,,
,1,,,
,1,,,
64,0,32000,,
63,0,10000,,
59,0,2000,,
74,1,,,
66,0,32000,,
53,0,,,
66,1,,,
63,0,12994,,
,0,,,
67,0,47000,,
63,0,46265,,
63,0,32953,,
63,0,,,
69,1,39000,,
65,0,20000,,
68,1,20000,,
62,0,20000,,
64,1,30000,,
65,1,8000,,
71,1,33000,,
73,0,18000,,
64,0,,,
63,0,,,
,0,,,
62,1,,,
69,1,12000,,
62,0,10500,,
,1,20000,,
71,1,,,
62,0,80000,,
74,1,29000,,
69,0,23000,,
69,0,34000,,
66,1,3000,,
,1,4500,,
61,0,2000,,
63,0,13000,,
67,1,20000,,
61,0,20000,,
63,0,16000,,
69,1,38000,,
66,1,30000,,
76,1,121993,,
,1,,,
68,1,9000,,
70,1,45000,,
,0,,,
,0,,,
71,1,22000,,
62,0,11000,,
,1,80000,,
,0,,,
,1,1000,,
,0,,,
67,0,,,
70,1,,,
70,1,25000,,
,0,,,
,0,27000,,
64,0,15000,,
68,0,60000,,
69,1,25000,,
,1,40000,,
70,1,25000,,
66,0,13000,,
61,0,13000,,
73,1,15000,,
,1,,,
64,1,,,
,1,,,
73,1,48000,,
64,0,17000,,
67,0,,,
66,0,4892,,
,1,8600,,
64,0,65000,,
,1,,,
,0,,,
69,0,,,
73,1,10000,,
,1,,,
68,0,24000,,
,0,,,
71,1,,,
67,1,,,
64,0,,,
65,0,11000,,
69,0,,,
,0,,,
73,1,13000,,
,1,36000,,
,1,21000,,
62,0,21000,,
69,1,81000,,
76,1,,,
68,0,14000,,
66,0,42000,,
73,1,15000,,
64,0,,,
63,0,37000,,
59,0,30000,,
,1,,,
65,0,24000,,
73,1,11000,,
75,1,28500,,
77,1,30000,,
66,0,26000,,
